,timestamp,value,anomaly
0,2014-06-01 00:00:00,0.1331586504129518,0
1,2014-06-01 01:00:00,0.176056360707494,0
2,2014-06-01 02:00:00,0.05337166160663248,0
3,2014-06-01 03:00:00,0.3081786093820952,0
4,2014-06-01 04:00:00,0.4688702404648482,0
5,2014-06-01 05:00:00,0.4279914439281103,0
6,2014-06-01 06:00:00,0.6143364108616851,0
7,2014-06-01 07:00:00,0.6799854589303551,0
8,2014-06-01 08:00:00,0.7435739685707975,0
9,2014-06-01 09:00:00,0.7915569733156533,0
10,2014-06-01 10:00:00,0.9093280227797985,0
11,2014-06-01 11:00:00,1.033849195023822,0
12,2014-06-01 12:00:00,0.8545499492434772,0
13,2014-06-01 13:00:00,1.080975008532076,0
14,2014-06-01 14:00:00,1.0173849083807394,0
15,2014-06-01 15:00:00,1.0445137612830349,0
16,2014-06-01 16:00:00,0.8808616741851689,0
17,2014-06-01 17:00:00,0.9916612885786692,0
18,2014-06-01 18:00:00,1.0995102164788118,0
19,2014-06-01 19:00:00,0.8055649690640733,0
20,2014-06-01 20:00:00,0.6682525757186479,0
21,2014-06-01 21:00:00,0.6346797647850567,0
22,2014-06-01 22:00:00,0.7697518418774494,0
23,2014-06-01 23:00:00,0.9076273394299677,0
24,2014-06-02 00:00:00,0.7001543776334156,0
25,2014-06-02 01:00:00,0.6672622213307831,0
26,2014-06-02 02:00:00,0.4166515646593248,0
27,2014-06-02 03:00:00,0.448816632084305,0
28,2014-06-02 04:00:00,0.18078689202118164,0
29,2014-06-02 05:00:00,0.16584888175361764,0
30,2014-06-02 06:00:00,-0.026731718867356744,0
31,2014-06-02 07:00:00,-0.1594593646782014,0
32,2014-06-02 08:00:00,-0.19464086124176394,0
33,2014-06-02 09:00:00,-0.3566311958676806,0
34,2014-06-02 10:00:00,-0.27588933498945245,0
35,2014-06-02 11:00:00,-0.48049867207669045,0
36,2014-06-02 12:00:00,-0.5477642534672382,0
37,2014-06-02 13:00:00,-0.702893840067411,0
38,2014-06-02 14:00:00,-0.6174975991018787,0
39,2014-06-02 15:00:00,-0.8822139445750681,0
40,2014-06-02 16:00:00,-0.8000022486618075,0
41,2014-06-02 17:00:00,-0.9486326467865877,0
42,2014-06-02 18:00:00,-1.0449998522714086,0
43,2014-06-02 19:00:00,-1.0270813224222708,0
44,2014-06-02 20:00:00,-1.0749810095952688,0
45,2014-06-02 21:00:00,-1.0212697638710513,0
46,2014-06-02 22:00:00,-1.0284359199746167,0
47,2014-06-02 23:00:00,-0.9469306071024833,0
48,2014-06-03 00:00:00,-0.8945412493294909,0
49,2014-06-03 01:00:00,-0.9282874834153031,0
50,2014-06-03 02:00:00,-0.8686159374660577,0
51,2014-06-03 03:00:00,-0.7801075739945541,0
52,2014-06-03 04:00:00,-0.7971327326106648,0
53,2014-06-03 05:00:00,-0.5983146043661978,0
54,2014-06-03 06:00:00,-0.5035627784542078,0
55,2014-06-03 07:00:00,-0.4796419202672518,0
56,2014-06-03 08:00:00,-0.16726627658734738,0
57,2014-06-03 09:00:00,-0.21727110062390476,0
58,2014-06-03 10:00:00,-0.21913893793717587,0
59,2014-06-03 11:00:00,-0.14074650798187743,0
60,2014-06-03 12:00:00,-0.02321822559440934,0
61,2014-06-03 13:00:00,0.05435557330816709,0
62,2014-06-03 14:00:00,0.3207902061287471,0
63,2014-06-03 15:00:00,0.2392359913277757,0
64,2014-06-03 16:00:00,0.3986244246941051,0
65,2014-06-03 17:00:00,0.44707039190005043,0
66,2014-06-03 18:00:00,0.6924035379732987,0
67,2014-06-03 19:00:00,0.5272750034365183,0
68,2014-06-03 20:00:00,0.7068949071618301,0
69,2014-06-03 21:00:00,0.7968264252587589,0
70,2014-06-03 22:00:00,0.8979610458935607,0
71,2014-06-03 23:00:00,0.9596357478097723,0
72,2014-06-04 00:00:00,0.9294775270621013,0
73,2014-06-04 01:00:00,1.0770548464837497,0
74,2014-06-04 02:00:00,1.0259972732494467,0
75,2014-06-04 03:00:00,1.2467651056434603,0
76,2014-06-04 04:00:00,0.8436897466519517,0
77,2014-06-04 05:00:00,1.0402076670346667,0
78,2014-06-04 06:00:00,0.8465432625437099,0
79,2014-06-04 07:00:00,0.8337445758753763,0
80,2014-06-04 08:00:00,1.0645338629270114,0
81,2014-06-04 09:00:00,0.9834984092088777,0
82,2014-06-04 10:00:00,0.5575262774162805,0
83,2014-06-04 11:00:00,0.646853236448559,0
84,2014-06-04 12:00:00,0.5812004675213532,0
85,2014-06-04 13:00:00,0.28682878915184096,0
86,2014-06-04 14:00:00,0.4018535919419257,0
87,2014-06-04 15:00:00,0.34835111608312175,0
88,2014-06-04 16:00:00,0.22963820532956308,0
89,2014-06-04 17:00:00,-0.09491091370645131,0
90,2014-06-04 18:00:00,0.11077082347826533,0
91,2014-06-04 19:00:00,-0.08007406560285472,0
92,2014-06-04 20:00:00,-0.21410289376700053,0
93,2014-06-04 21:00:00,-0.38440629044971697,0
94,2014-06-04 22:00:00,-0.3355407414238164,0
95,2014-06-04 23:00:00,-0.4081730848520591,0
96,2014-06-05 00:00:00,-0.6359945661760207,0
97,2014-06-05 01:00:00,-0.6601718450999055,0
98,2014-06-05 02:00:00,-0.6604449632111671,0
99,2014-06-05 03:00:00,-1.0044682063750978,0
100,2014-06-05 04:00:00,-0.854277837681774,0
101,2014-06-05 05:00:00,-1.1042911464550405,0
102,2014-06-05 06:00:00,-1.043347442780048,0
103,2014-06-05 07:00:00,-0.9311724573255014,0
104,2014-06-05 08:00:00,-1.0089585716709695,0
105,2014-06-05 09:00:00,-1.0400138351985728,0
106,2014-06-05 10:00:00,-1.0241202806621945,0
107,2014-06-05 11:00:00,-0.8933267398316398,0
108,2014-06-05 12:00:00,-0.8803734708199903,0
109,2014-06-05 13:00:00,-0.9922723502673195,0
110,2014-06-05 14:00:00,-0.8367313313012416,0
111,2014-06-05 15:00:00,-0.8560977195234994,0
112,2014-06-05 16:00:00,-0.5027122648836604,0
113,2014-06-05 17:00:00,-0.7430662802097262,0
114,2014-06-05 18:00:00,-0.6190681280261824,0
115,2014-06-05 19:00:00,-0.5348881918217507,0
116,2014-06-05 20:00:00,-0.45063926669780263,0
117,2014-06-05 21:00:00,-0.2949065775685047,0
118,2014-06-05 22:00:00,-0.18060675880822813,0
119,2014-06-05 23:00:00,-0.26638553804923404,0
120,2014-06-06 00:00:00,-0.057311336155959465,0
121,2014-06-06 01:00:00,-0.027516291321492012,0
122,2014-06-06 02:00:00,0.3315322234364416,0
123,2014-06-06 03:00:00,0.5555495025810946,0
124,2014-06-06 04:00:00,0.5450598660293521,0
125,2014-06-06 05:00:00,0.5346233115351189,0
126,2014-06-06 06:00:00,0.6900368630158863,0
127,2014-06-06 07:00:00,0.6858116330608302,0
128,2014-06-06 08:00:00,0.9088164879252226,0
129,2014-06-06 09:00:00,0.8758059552582913,0
130,2014-06-06 10:00:00,0.8430307394069655,0
131,2014-06-06 11:00:00,0.8005903381992212,0
132,2014-06-06 12:00:00,0.8870602558723031,0
133,2014-06-06 13:00:00,1.0095306528897063,0
134,2014-06-06 14:00:00,0.8719382972944677,0
135,2014-06-06 15:00:00,0.9778206863600506,0
136,2014-06-06 16:00:00,1.1285145263640286,0
137,2014-06-06 17:00:00,0.9810785718281229,0
138,2014-06-06 18:00:00,1.149595090904092,0
139,2014-06-06 19:00:00,1.058262017709423,0
140,2014-06-06 20:00:00,0.8372624624193812,0
141,2014-06-06 21:00:00,0.6730859370643478,0
142,2014-06-06 22:00:00,0.7383406929544534,0
143,2014-06-06 23:00:00,0.6210518723456554,0
144,2014-06-07 00:00:00,0.6255605608890078,0
145,2014-06-07 01:00:00,0.6614407974145481,0
146,2014-06-07 02:00:00,0.29442623955336134,0
147,2014-06-07 03:00:00,0.2701441996894669,0
148,2014-06-07 04:00:00,0.24114668577091278,0
149,2014-06-07 05:00:00,0.2180257805758435,0
150,2014-06-07 06:00:00,0.05107144113978689,0
151,2014-06-07 07:00:00,-0.06309869914825075,0
152,2014-06-07 08:00:00,-0.07345674848116579,0
153,2014-06-07 09:00:00,-0.25966546265011625,0
154,2014-06-07 10:00:00,-0.4304370615281499,0
155,2014-06-07 11:00:00,-0.49427148498439716,0
156,2014-06-07 12:00:00,-0.6584923969991889,0
157,2014-06-07 13:00:00,-0.6144641226054047,0
158,2014-06-07 14:00:00,-0.6488947845833806,0
159,2014-06-07 15:00:00,-1.1069766714810594,0
160,2014-06-07 16:00:00,-0.7442105187493347,0
161,2014-06-07 17:00:00,-0.9191975299508595,0
162,2014-06-07 18:00:00,-0.9049676710552668,0
163,2014-06-07 19:00:00,-0.9119101995613422,0
164,2014-06-07 20:00:00,-1.2240322282645355,0
165,2014-06-07 21:00:00,-1.1195929311463517,0
166,2014-06-07 22:00:00,-1.027832011582057,0
167,2014-06-07 23:00:00,-1.0572866778305503,0
168,2014-06-08 00:00:00,-0.9236392382191431,0
169,2014-06-08 01:00:00,-0.9650364498897261,0
170,2014-06-08 02:00:00,-1.0371325234998667,0
171,2014-06-08 03:00:00,-0.7477872631250917,0
172,2014-06-08 04:00:00,-0.6331318880760626,0
173,2014-06-08 05:00:00,-0.6126953537202448,0
174,2014-06-08 06:00:00,-0.6590651959751797,0
175,2014-06-08 07:00:00,-0.5260859478554176,0
176,2014-06-08 08:00:00,-0.3518938364462173,0
177,2014-06-08 09:00:00,-0.24869708935188722,0
178,2014-06-08 10:00:00,-0.10722557695527894,0
179,2014-06-08 11:00:00,-0.13397106400664907,0
180,2014-06-08 12:00:00,-0.14208805151542417,0
181,2014-06-08 13:00:00,0.03663378580564569,0
182,2014-06-08 14:00:00,0.26130017174884723,0
183,2014-06-08 15:00:00,0.3834144347535374,0
184,2014-06-08 16:00:00,0.6292416069581211,0
185,2014-06-08 17:00:00,0.5117181420194472,0
186,2014-06-08 18:00:00,0.6122467043189714,0
187,2014-06-08 19:00:00,0.6514007240943013,0
188,2014-06-08 20:00:00,0.7025718727124852,0
189,2014-06-08 21:00:00,0.8871945134125074,0
190,2014-06-08 22:00:00,0.9013731651648245,0
191,2014-06-08 23:00:00,0.8928175090704565,0
192,2014-06-09 00:00:00,0.8430867778992684,0
193,2014-06-09 01:00:00,0.9658406178827916,0
194,2014-06-09 02:00:00,0.9554236768376326,0
195,2014-06-09 03:00:00,1.1255173731709571,0
196,2014-06-09 04:00:00,1.0892345031857922,0
197,2014-06-09 05:00:00,0.8759165315060664,0
198,2014-06-09 06:00:00,1.0677733531355655,0
199,2014-06-09 07:00:00,0.8563477763138243,0
200,2014-06-09 08:00:00,0.879339153471546,0
201,2014-06-09 09:00:00,0.9292913817719374,0
202,2014-06-09 10:00:00,0.6406695287728672,0
203,2014-06-09 11:00:00,0.6851705226531124,0
204,2014-06-09 12:00:00,0.4747377235785397,0
205,2014-06-09 13:00:00,0.3058700318977574,0
206,2014-06-09 14:00:00,0.5053964247655997,0
207,2014-06-09 15:00:00,0.3118397311048619,0
208,2014-06-09 16:00:00,0.12567493103469482,0
209,2014-06-09 17:00:00,-0.05412671281712994,0
210,2014-06-09 18:00:00,-0.04014728193717121,0
211,2014-06-09 19:00:00,0.029689465157852812,0
212,2014-06-09 20:00:00,-0.1676647814689149,0
213,2014-06-09 21:00:00,-0.34629313601863165,0
214,2014-06-09 22:00:00,-0.4739389867226362,0
215,2014-06-09 23:00:00,-0.4894187917204232,0
216,2014-06-10 00:00:00,-0.7425157913842254,0
217,2014-06-10 01:00:00,-0.534649955296035,0
218,2014-06-10 02:00:00,-0.6928259073137456,0
219,2014-06-10 03:00:00,-0.6895819341286212,0
220,2014-06-10 04:00:00,-0.9223759709040538,0
221,2014-06-10 05:00:00,-0.8280625820113335,0
222,2014-06-10 06:00:00,-0.8822660437290009,0
223,2014-06-10 07:00:00,-1.1314544725628237,0
224,2014-06-10 08:00:00,-0.9796258252705842,0
225,2014-06-10 09:00:00,-0.9684888831778333,0
226,2014-06-10 10:00:00,-1.052013661773518,0
227,2014-06-10 11:00:00,-1.0141647141767511,0
228,2014-06-10 12:00:00,-0.9074379866418799,0
229,2014-06-10 13:00:00,-0.9173372458439044,0
230,2014-06-10 14:00:00,-0.9664970390370498,0
231,2014-06-10 15:00:00,-0.7498716857119146,0
232,2014-06-10 16:00:00,-0.7203630890928749,0
233,2014-06-10 17:00:00,-0.6442127405702232,0
234,2014-06-10 18:00:00,-0.5782089286187021,0
235,2014-06-10 19:00:00,-0.455097826930618,0
236,2014-06-10 20:00:00,-0.4353368438417654,0
237,2014-06-10 21:00:00,-0.39529282431465107,0
238,2014-06-10 22:00:00,-0.28209417469480225,0
239,2014-06-10 23:00:00,0.006029050348151502,0
240,2014-06-11 00:00:00,-0.20177186526744265,0
241,2014-06-11 01:00:00,0.15858253457777588,0
242,2014-06-11 02:00:00,0.0636818025562976,0
243,2014-06-11 03:00:00,0.1481319580911331,0
244,2014-06-11 04:00:00,0.3060797868962006,0
245,2014-06-11 05:00:00,0.474246637519852,0
246,2014-06-11 06:00:00,0.6608359970064254,0
247,2014-06-11 07:00:00,0.4992904572426665,0
248,2014-06-11 08:00:00,0.9105523800365155,0
249,2014-06-11 09:00:00,0.9253893643917827,0
250,2014-06-11 10:00:00,0.8527680445192887,0
251,2014-06-11 11:00:00,0.8845208767813538,0
252,2014-06-11 12:00:00,0.8557032745335059,0
253,2014-06-11 13:00:00,1.0369516601146918,0
254,2014-06-11 14:00:00,1.0014020424424963,0
255,2014-06-11 15:00:00,1.1412064304423644,0
256,2014-06-11 16:00:00,0.9259003338803622,0
257,2014-06-11 17:00:00,1.0329419934178725,0
258,2014-06-11 18:00:00,0.9474182625149324,0
259,2014-06-11 19:00:00,0.8288438323381158,0
260,2014-06-11 20:00:00,1.0562558079476407,0
261,2014-06-11 21:00:00,0.8369775335929481,0
262,2014-06-11 22:00:00,0.8051702756287427,0
263,2014-06-11 23:00:00,0.5622738355120711,0
264,2014-06-12 00:00:00,0.5155231789418651,0
265,2014-06-12 01:00:00,0.5084139555391756,0
266,2014-06-12 02:00:00,0.3482911274132633,0
267,2014-06-12 03:00:00,0.3692192214503215,0
268,2014-06-12 04:00:00,0.25174821473473075,0
269,2014-06-12 05:00:00,0.026294143836521316,0
270,2014-06-12 06:00:00,0.019293598416910203,0
271,2014-06-12 07:00:00,-0.10412597206885914,0
272,2014-06-12 08:00:00,-0.22431921988549938,0
273,2014-06-12 09:00:00,-0.4238982208157307,0
274,2014-06-12 10:00:00,-0.49028749347282324,0
275,2014-06-12 11:00:00,-0.4789549271620568,0
276,2014-06-12 12:00:00,-0.4863867892175062,0
277,2014-06-12 13:00:00,-0.766150388656482,0
278,2014-06-12 14:00:00,-0.6214266695630055,0
279,2014-06-12 15:00:00,-0.7907522565180407,0
280,2014-06-12 16:00:00,-0.9930073629647258,0
281,2014-06-12 17:00:00,-0.8812064646704352,0
282,2014-06-12 18:00:00,-0.8624790305346635,0
283,2014-06-12 19:00:00,-0.9517081315707343,0
284,2014-06-12 20:00:00,-0.7626091636055249,0
285,2014-06-12 21:00:00,-0.9691332326812206,0
286,2014-06-12 22:00:00,-0.9052654922167236,0
287,2014-06-12 23:00:00,-0.9770453310562254,0
288,2014-06-13 00:00:00,-0.8530491034949557,0
289,2014-06-13 01:00:00,-1.153102658981781,0
290,2014-06-13 02:00:00,-0.9517776552884092,0
291,2014-06-13 03:00:00,-0.845444802999917,0
292,2014-06-13 04:00:00,-0.6927521353563582,0
293,2014-06-13 05:00:00,-0.6502974849006901,0
294,2014-06-13 06:00:00,-0.47926254492686454,0
295,2014-06-13 07:00:00,-0.4643060932994363,0
296,2014-06-13 08:00:00,-0.3860036863367913,0
297,2014-06-13 09:00:00,-0.32352344810745465,0
298,2014-06-13 10:00:00,-0.191521265549915,0
299,2014-06-13 11:00:00,-0.021577214827931124,0
300,2014-06-13 12:00:00,0.07552999579521628,0
301,2014-06-13 13:00:00,0.19247703232341554,0
302,2014-06-13 14:00:00,0.18391606093486534,0
303,2014-06-13 15:00:00,0.23951132983421433,0
304,2014-06-13 16:00:00,0.35959663477943243,0
305,2014-06-13 17:00:00,0.534947640866735,0
306,2014-06-13 18:00:00,0.7489309816918042,0
307,2014-06-13 19:00:00,0.6930645330019791,0
308,2014-06-13 20:00:00,0.7916450882921245,0
309,2014-06-13 21:00:00,0.6431565237176162,0
310,2014-06-13 22:00:00,1.134016434582369,0
311,2014-06-13 23:00:00,0.8031932445164774,0
312,2014-06-14 00:00:00,1.1328347771665872,0
313,2014-06-14 01:00:00,0.9225428665696751,0
314,2014-06-14 02:00:00,1.090293019337042,0
315,2014-06-14 03:00:00,1.081522068142842,0
316,2014-06-14 04:00:00,1.0009538353436744,0
317,2014-06-14 05:00:00,0.9615070635824332,0
318,2014-06-14 06:00:00,0.8569855387958714,0
319,2014-06-14 07:00:00,0.90818600747029,0
320,2014-06-14 08:00:00,0.9761390240988694,0
321,2014-06-14 09:00:00,0.8462292489155068,0
322,2014-06-14 10:00:00,0.6547987267680213,0
323,2014-06-14 11:00:00,0.784935763528616,0
324,2014-06-14 12:00:00,0.46741990313304865,0
325,2014-06-14 13:00:00,0.520983914187175,0
326,2014-06-14 14:00:00,0.3176179508629323,0
327,2014-06-14 15:00:00,0.2307482196758138,0
328,2014-06-14 16:00:00,0.315884758597336,0
329,2014-06-14 17:00:00,0.05824437470803204,0
330,2014-06-14 18:00:00,-0.15150756793500506,0
331,2014-06-14 19:00:00,-0.15840031644538888,0
332,2014-06-14 20:00:00,-0.13224950504493785,0
333,2014-06-14 21:00:00,-0.3819569166220696,0
334,2014-06-14 22:00:00,-0.2852583780677806,0
335,2014-06-14 23:00:00,-0.39917170332948204,0
336,2014-06-15 00:00:00,-0.5804569513997991,0
337,2014-06-15 01:00:00,-0.5517573650165772,0
338,2014-06-15 02:00:00,-0.5568496587452986,0
339,2014-06-15 03:00:00,-1.0073806441398445,0
340,2014-06-15 04:00:00,-0.7503565107736092,0
341,2014-06-15 05:00:00,-0.8526172310143652,0
342,2014-06-15 06:00:00,-0.9833766395424547,0
343,2014-06-15 07:00:00,-0.9117330400409719,0
344,2014-06-15 08:00:00,-0.9548492960591097,0
345,2014-06-15 09:00:00,-1.0576116860874545,0
346,2014-06-15 10:00:00,-0.8457000561604713,0
347,2014-06-15 11:00:00,-0.9641229140532986,0
348,2014-06-15 12:00:00,-0.8322248408966896,0
349,2014-06-15 13:00:00,-0.9381199963974391,0
350,2014-06-15 14:00:00,-1.029584065585355,0
351,2014-06-15 15:00:00,-0.7845371855203529,0
352,2014-06-15 16:00:00,-0.766653048458295,0
353,2014-06-15 17:00:00,-0.7952133869242712,0
354,2014-06-15 18:00:00,-0.7569820451701522,0
355,2014-06-15 19:00:00,-0.43835490775951647,0
356,2014-06-15 20:00:00,-0.2797675149084744,0
357,2014-06-15 21:00:00,-0.16928319671321013,0
358,2014-06-15 22:00:00,-0.15448919459104954,0
359,2014-06-15 23:00:00,-0.10411825941178172,0
360,2014-06-16 00:00:00,0.018941984228937836,0
361,2014-06-16 01:00:00,0.10900593180934752,0
362,2014-06-16 02:00:00,0.2873802182514297,0
363,2014-06-16 03:00:00,0.25970292023085323,0
364,2014-06-16 04:00:00,0.28057766917582777,0
365,2014-06-16 05:00:00,0.47807397359970133,0
366,2014-06-16 06:00:00,0.6075124746770216,0
367,2014-06-16 07:00:00,0.6436025609544265,0
368,2014-06-16 08:00:00,0.7457255846280472,0
369,2014-06-16 09:00:00,1.0291136381391242,0
370,2014-06-16 10:00:00,0.9544621641336916,0
371,2014-06-16 11:00:00,0.7748632041814859,0
372,2014-06-16 12:00:00,1.016422747728145,0
373,2014-06-16 13:00:00,0.7604867372685054,0
374,2014-06-16 14:00:00,1.056416787807716,0
375,2014-06-16 15:00:00,1.0477234303111198,0
376,2014-06-16 16:00:00,0.9971315481819435,0
377,2014-06-16 17:00:00,0.8811770334533268,0
378,2014-06-16 18:00:00,0.8526837038918035,0
379,2014-06-16 19:00:00,0.9547987292087576,0
380,2014-06-16 20:00:00,0.8045949191506834,0
381,2014-06-16 21:00:00,0.8927251719122297,0
382,2014-06-16 22:00:00,0.6807829246496144,0
383,2014-06-16 23:00:00,0.6328119862161429,0
384,2014-06-17 00:00:00,0.6637323854057617,0
385,2014-06-17 01:00:00,0.49660730003229275,0
386,2014-06-17 02:00:00,0.39009657380395446,0
387,2014-06-17 03:00:00,0.33597423671683485,0
388,2014-06-17 04:00:00,0.24544224592337766,0
389,2014-06-17 05:00:00,0.09613693884953858,0
390,2014-06-17 06:00:00,0.022612634924942903,0
391,2014-06-17 07:00:00,-0.11611653632675012,0
392,2014-06-17 08:00:00,-0.16675144961147118,0
393,2014-06-17 09:00:00,-0.2802359509454714,0
394,2014-06-17 10:00:00,-0.3563094953644516,0
395,2014-06-17 11:00:00,-0.4195732642308242,0
396,2014-06-17 12:00:00,-0.6908460735817213,0
397,2014-06-17 13:00:00,-0.8049003623627392,0
398,2014-06-17 14:00:00,-0.769795011980391,0
399,2014-06-17 15:00:00,-0.8261462741334515,0
400,2014-06-17 16:00:00,-0.8197868487120551,0
401,2014-06-17 17:00:00,-1.0355310110226432,0
402,2014-06-17 18:00:00,-0.9317992323761323,0
403,2014-06-17 19:00:00,-0.93460256188268,0
404,2014-06-17 20:00:00,-1.1580163089805322,0
405,2014-06-17 21:00:00,-0.9565062725406633,0
406,2014-06-17 22:00:00,-0.8547399567855857,0
407,2014-06-17 23:00:00,-0.9656809232259681,0
408,2014-06-18 00:00:00,-1.0402016564985184,0
409,2014-06-18 01:00:00,-0.9712347917913462,0
410,2014-06-18 02:00:00,-0.8735202905976377,0
411,2014-06-18 03:00:00,-0.8611946391935505,0
412,2014-06-18 04:00:00,-1.0635849599103568,0
413,2014-06-18 05:00:00,-0.5228595070920068,0
414,2014-06-18 06:00:00,-0.6344755144459858,0
415,2014-06-18 07:00:00,-0.5179019700866412,0
416,2014-06-18 08:00:00,-0.3142618796246117,0
417,2014-06-18 09:00:00,-0.28549251787538654,0
418,2014-06-18 10:00:00,-0.2567725163726327,0
419,2014-06-18 11:00:00,-0.11382661742666461,0
420,2014-06-18 12:00:00,0.053540138222824336,0
421,2014-06-18 13:00:00,0.1596129333785078,0
422,2014-06-18 14:00:00,0.18875948546782684,0
423,2014-06-18 15:00:00,0.38848675714745706,0
424,2014-06-18 16:00:00,0.48524629298172045,0
425,2014-06-18 17:00:00,0.4512275583052837,0
426,2014-06-18 18:00:00,0.48719876580898697,0
427,2014-06-18 19:00:00,0.7018881429160446,0
428,2014-06-18 20:00:00,0.8010496704954823,0
429,2014-06-18 21:00:00,0.7630244395853649,0
430,2014-06-18 22:00:00,0.8224438123975337,0
431,2014-06-18 23:00:00,0.9671723128173575,0
432,2014-06-19 00:00:00,0.9667580146402303,0
433,2014-06-19 01:00:00,1.1140265146321333,0
434,2014-06-19 02:00:00,1.0460564198813924,0
435,2014-06-19 03:00:00,1.2384124623033885,0
436,2014-06-19 04:00:00,1.0474409221492553,0
437,2014-06-19 05:00:00,0.8885332170868468,0
438,2014-06-19 06:00:00,0.9312755045564391,0
439,2014-06-19 07:00:00,0.9039978744578641,0
440,2014-06-19 08:00:00,0.6979808118837891,0
441,2014-06-19 09:00:00,0.8766878139243809,0
442,2014-06-19 10:00:00,0.7492176078319361,0
443,2014-06-19 11:00:00,0.6668264875215352,0
444,2014-06-19 12:00:00,0.5324534095328282,0
445,2014-06-19 13:00:00,0.38938767637171345,0
446,2014-06-19 14:00:00,0.3850231536368134,0
447,2014-06-19 15:00:00,0.2214747566945547,0
448,2014-06-19 16:00:00,0.2089898337176288,0
449,2014-06-19 17:00:00,0.013903781195274967,0
450,2014-06-19 18:00:00,-0.14157532107494045,0
451,2014-06-19 19:00:00,-0.09505763214212265,0
452,2014-06-19 20:00:00,-0.18853162976380522,0
453,2014-06-19 21:00:00,-0.25469348581042817,0
454,2014-06-19 22:00:00,-0.4011030651380405,0
455,2014-06-19 23:00:00,-0.3534344994913742,0
456,2014-06-20 00:00:00,-0.6513821734507553,0
457,2014-06-20 01:00:00,-0.5581800835129812,0
458,2014-06-20 02:00:00,-0.8424080738933579,0
459,2014-06-20 03:00:00,-0.8772511417278267,0
460,2014-06-20 04:00:00,-0.9069523238454962,0
461,2014-06-20 05:00:00,-0.9382929849493635,0
462,2014-06-20 06:00:00,-0.7982714043553163,0
463,2014-06-20 07:00:00,-1.0430914378245162,0
464,2014-06-20 08:00:00,-1.1214234479782306,0
465,2014-06-20 09:00:00,-0.924512392927346,0
466,2014-06-20 10:00:00,-0.996912739628345,0
467,2014-06-20 11:00:00,-1.1339018479369056,0
468,2014-06-20 12:00:00,-0.9164213586337687,0
469,2014-06-20 13:00:00,-0.8193090078969204,0
470,2014-06-20 14:00:00,-0.904573085455044,0
471,2014-06-20 15:00:00,-0.6529961162782283,0
472,2014-06-20 16:00:00,-0.5886286494857079,0
473,2014-06-20 17:00:00,-0.738299371771314,0
474,2014-06-20 18:00:00,-0.5013334050797826,0
475,2014-06-20 19:00:00,-0.7097791873273788,0
476,2014-06-20 20:00:00,-0.3897071735949451,0
477,2014-06-20 21:00:00,-0.3847999596100362,0
478,2014-06-20 22:00:00,-0.11113064920264316,0
479,2014-06-20 23:00:00,-0.19198096773689588,0
480,2014-06-21 00:00:00,0.10278403900668098,0
481,2014-06-21 01:00:00,0.02423950042385005,0
482,2014-06-21 02:00:00,0.1650813500497831,0
483,2014-06-21 03:00:00,0.2334754109939055,0
484,2014-06-21 04:00:00,0.4287863329704751,0
485,2014-06-21 05:00:00,0.3626885815344919,0
486,2014-06-21 06:00:00,0.6524610860212399,0
487,2014-06-21 07:00:00,0.601780424956888,0
488,2014-06-21 08:00:00,0.9673314757317267,0
489,2014-06-21 09:00:00,0.7843682823152308,0
490,2014-06-21 10:00:00,0.7896649699021022,0
491,2014-06-21 11:00:00,0.9616243319519191,0
492,2014-06-21 12:00:00,0.8678765960151821,0
493,2014-06-21 13:00:00,1.0374665238627503,0
494,2014-06-21 14:00:00,0.9496439814430998,0
495,2014-06-21 15:00:00,1.0487695938177084,0
496,2014-06-21 16:00:00,1.0001533683136836,0
497,2014-06-21 17:00:00,1.0327260472625486,0
498,2014-06-21 18:00:00,0.8827442761875315,0
499,2014-06-21 19:00:00,0.8476437268090751,0
500,2014-06-21 20:00:00,1.0099507766342493,0
501,2014-06-21 21:00:00,0.947231656873956,0
502,2014-06-21 22:00:00,0.8352768685955194,0
503,2014-06-21 23:00:00,0.6118418841811084,0
504,2014-06-22 00:00:00,0.7152901623858099,0
505,2014-06-22 01:00:00,0.4671167959999986,0
506,2014-06-22 02:00:00,0.3921025625273608,0
507,2014-06-22 03:00:00,0.41486065862554095,0
508,2014-06-22 04:00:00,0.1968036465550362,0
509,2014-06-22 05:00:00,0.10064034995802824,0
510,2014-06-22 06:00:00,-0.03223634922389771,0
511,2014-06-22 07:00:00,-0.17110503638608793,0
512,2014-06-22 08:00:00,-0.2783736912645145,0
513,2014-06-22 09:00:00,-0.34439326744512927,0
514,2014-06-22 10:00:00,-0.3915439009902098,0
515,2014-06-22 11:00:00,-0.5304200170178326,0
516,2014-06-22 12:00:00,-0.7056706892088165,0
517,2014-06-22 13:00:00,-0.6840438770194244,0
518,2014-06-22 14:00:00,-0.7656545105118536,0
519,2014-06-22 15:00:00,-0.8020015569975998,0
520,2014-06-22 16:00:00,-0.820818680927124,0
521,2014-06-22 17:00:00,-0.884138531856413,0
522,2014-06-22 18:00:00,-1.033807517582784,0
523,2014-06-22 19:00:00,-1.0609947224234884,0
524,2014-06-22 20:00:00,-1.043772641708734,0
525,2014-06-22 21:00:00,-1.0751620440922438,0
526,2014-06-22 22:00:00,-1.1533599769638037,0
527,2014-06-22 23:00:00,-1.0250206720623092,0
528,2014-06-23 00:00:00,-1.0941683630351884,0
529,2014-06-23 01:00:00,-1.0398951439930717,0
530,2014-06-23 02:00:00,-0.9900502669989952,0
531,2014-06-23 03:00:00,-0.9143285917213029,0
532,2014-06-23 04:00:00,-0.8563645992471682,0
533,2014-06-23 05:00:00,-0.7602252119395606,0
534,2014-06-23 06:00:00,-0.6138092408497011,0
535,2014-06-23 07:00:00,-0.4185345480608182,0
536,2014-06-23 08:00:00,-0.5414707903532952,0
537,2014-06-23 09:00:00,-0.20306416176650677,0
538,2014-06-23 10:00:00,-0.15545761723454513,0
539,2014-06-23 11:00:00,-0.051179561122732906,0
540,2014-06-23 12:00:00,-0.0253558018027111,0
541,2014-06-23 13:00:00,0.12374069257707121,0
542,2014-06-23 14:00:00,0.264203870093309,0
543,2014-06-23 15:00:00,0.3717620912372861,0
544,2014-06-23 16:00:00,0.3727417808756984,0
545,2014-06-23 17:00:00,0.573717898112063,0
546,2014-06-23 18:00:00,0.7080755445184875,0
547,2014-06-23 19:00:00,0.7661865590257411,0
548,2014-06-23 20:00:00,0.8135326975610568,0
549,2014-06-23 21:00:00,0.7485182225827841,0
550,2014-06-23 22:00:00,0.3664964582303316,1
551,2014-06-23 23:00:00,0.42824885163099424,1
552,2014-06-24 00:00:00,0.404802604569797,1
553,2014-06-24 01:00:00,0.5000034839279823,1
554,2014-06-24 02:00:00,0.5113972562435081,1
555,2014-06-24 03:00:00,0.495000282182839,1
556,2014-06-24 04:00:00,0.47953128080881224,1
557,2014-06-24 05:00:00,0.4746147945030623,1
558,2014-06-24 06:00:00,0.4544181697534484,1
559,2014-06-24 07:00:00,0.37688785861814145,1
560,2014-06-24 08:00:00,0.32360426170538914,1
561,2014-06-24 09:00:00,0.3039320293651968,1
562,2014-06-24 10:00:00,0.13076940517972013,1
563,2014-06-24 11:00:00,-0.016605210220136724,1
564,2014-06-24 12:00:00,0.06613275910607985,1
565,2014-06-24 13:00:00,-0.11792045023161224,1
566,2014-06-24 14:00:00,0.07121275626313839,1
567,2014-06-24 15:00:00,-0.11864008596348413,1
568,2014-06-24 16:00:00,-0.16727337957859945,1
569,2014-06-24 17:00:00,-0.3221989597096817,1
570,2014-06-24 18:00:00,-0.5321022737904446,1
571,2014-06-24 19:00:00,-0.5544389665742909,1
572,2014-06-24 20:00:00,-0.6559174596952703,1
573,2014-06-24 21:00:00,-0.9468045772988058,1
574,2014-06-24 22:00:00,-0.8282655785068525,1
575,2014-06-24 23:00:00,-1.089630766705503,1
576,2014-06-25 00:00:00,-1.2056190455028242,1
577,2014-06-25 01:00:00,-1.0950118658080399,1
578,2014-06-25 02:00:00,-1.300429758634169,1
579,2014-06-25 03:00:00,-1.4051175286799513,1
580,2014-06-25 04:00:00,-1.2472336043446086,1
581,2014-06-25 05:00:00,-1.590161957694817,1
582,2014-06-25 06:00:00,-1.5280976820262093,1
583,2014-06-25 07:00:00,-1.3657234091733106,1
584,2014-06-25 08:00:00,-1.2273533864770574,1
585,2014-06-25 09:00:00,-1.493555449993194,1
586,2014-06-25 10:00:00,-1.4031734639907127,1
587,2014-06-25 11:00:00,-1.5778482217425822,1
588,2014-06-25 12:00:00,-1.2435516493340324,1
589,2014-06-25 13:00:00,-1.4725641107113239,1
590,2014-06-25 14:00:00,-1.6476255254995402,1
591,2014-06-25 15:00:00,-1.2980625517431064,1
592,2014-06-25 16:00:00,-1.2288778961190343,1
593,2014-06-25 17:00:00,-1.2475341624223772,1
594,2014-06-25 18:00:00,-1.0620241787836333,1
595,2014-06-25 19:00:00,-0.8687077253021553,1
596,2014-06-25 20:00:00,-1.0416391800054408,1
597,2014-06-25 21:00:00,-0.759003309280414,1
598,2014-06-25 22:00:00,-0.8063703556194133,1
599,2014-06-25 23:00:00,-0.4559305218637655,1
600,2014-06-26 00:00:00,-0.4429306544982715,1
601,2014-06-26 01:00:00,0.05324094403251059,0
602,2014-06-26 02:00:00,0.23548993311658914,0
603,2014-06-26 03:00:00,0.27008884016300877,0
604,2014-06-26 04:00:00,0.4715895845799649,0
605,2014-06-26 05:00:00,0.49755714610133966,0
606,2014-06-26 06:00:00,0.7186339677441578,0
607,2014-06-26 07:00:00,0.9353883537419699,0
608,2014-06-26 08:00:00,0.7774174653536058,0
609,2014-06-26 09:00:00,0.8962800109162354,0
610,2014-06-26 10:00:00,0.9037651043271421,0
611,2014-06-26 11:00:00,0.8628795195338612,0
612,2014-06-26 12:00:00,0.9993581292769977,0
613,2014-06-26 13:00:00,1.075838203802484,0
614,2014-06-26 14:00:00,1.079206023988094,0
615,2014-06-26 15:00:00,1.015665175697727,0
616,2014-06-26 16:00:00,0.9790697178957458,0
617,2014-06-26 17:00:00,1.1611623157518085,0
618,2014-06-26 18:00:00,1.0439676458494906,0
619,2014-06-26 19:00:00,1.051799206314743,0
620,2014-06-26 20:00:00,0.8007992679302265,0
621,2014-06-26 21:00:00,0.9513023289000372,0
622,2014-06-26 22:00:00,0.5972603878465177,0
623,2014-06-26 23:00:00,0.7168955007852564,0
624,2014-06-27 00:00:00,0.5907253317029476,0
625,2014-06-27 01:00:00,0.5161812786149771,0
626,2014-06-27 02:00:00,0.3656442828992226,0
627,2014-06-27 03:00:00,0.40210055784128684,0
628,2014-06-27 04:00:00,0.26173855565121007,0
629,2014-06-27 05:00:00,0.12404774287937212,0
630,2014-06-27 06:00:00,0.20656257181419282,0
631,2014-06-27 07:00:00,-0.00032322183847140196,0
632,2014-06-27 08:00:00,-0.18957984903055408,0
633,2014-06-27 09:00:00,-0.310165844001764,0
634,2014-06-27 10:00:00,-0.6054470580144071,0
635,2014-06-27 11:00:00,-0.5640832292520609,0
636,2014-06-27 12:00:00,-0.6359247074553407,0
637,2014-06-27 13:00:00,-0.7502217874215257,0
638,2014-06-27 14:00:00,-0.7540321800070414,0
639,2014-06-27 15:00:00,-0.6269389290042298,0
640,2014-06-27 16:00:00,-0.8146184093225809,0
641,2014-06-27 17:00:00,-0.9370122038043017,0
642,2014-06-27 18:00:00,-1.0596143801424591,0
643,2014-06-27 19:00:00,-0.882973004322306,0
644,2014-06-27 20:00:00,-1.0175611166977347,0
645,2014-06-27 21:00:00,-0.8130012175566812,0
646,2014-06-27 22:00:00,-0.9787493976473628,0
647,2014-06-27 23:00:00,-0.8347839481101731,0
648,2014-06-28 00:00:00,-0.9037925734377273,0
649,2014-06-28 01:00:00,-0.905979565651217,0
650,2014-06-28 02:00:00,-0.8534109171278613,0
651,2014-06-28 03:00:00,-0.7464588001701403,0
652,2014-06-28 04:00:00,-0.7458370894121131,0
653,2014-06-28 05:00:00,-0.8258754069809756,0
654,2014-06-28 06:00:00,-0.7762702695275202,0
655,2014-06-28 07:00:00,-0.5717512216001532,0
656,2014-06-28 08:00:00,-0.488530280690958,0
657,2014-06-28 09:00:00,-0.2880798854387153,0
658,2014-06-28 10:00:00,-0.2209737830949791,0
659,2014-06-28 11:00:00,-0.05522994278964878,0
660,2014-06-28 12:00:00,-0.022276607050217237,0
661,2014-06-28 13:00:00,0.16071570976445532,0
662,2014-06-28 14:00:00,0.24171762528895313,0
663,2014-06-28 15:00:00,0.41940428469923824,0
664,2014-06-28 16:00:00,0.3167066869912395,0
665,2014-06-28 17:00:00,0.30989862641288757,0
666,2014-06-28 18:00:00,0.5256998190953467,0
667,2014-06-28 19:00:00,0.7419799528213357,0
668,2014-06-28 20:00:00,0.6773008039491543,0
669,2014-06-28 21:00:00,0.7611135378156866,0
670,2014-06-28 22:00:00,0.737112933655069,0
671,2014-06-28 23:00:00,0.8161254984167858,0
672,2014-06-29 00:00:00,0.9316462630741472,0
673,2014-06-29 01:00:00,0.8034740164842314,0
674,2014-06-29 02:00:00,0.9794241901631913,0
675,2014-06-29 03:00:00,1.0017923190893905,0
676,2014-06-29 04:00:00,0.974689845024125,0
677,2014-06-29 05:00:00,0.9906122168798829,0
678,2014-06-29 06:00:00,0.8846814238289982,0
679,2014-06-29 07:00:00,1.0417028417060759,0
680,2014-06-29 08:00:00,0.9452493521111667,0
681,2014-06-29 09:00:00,0.7299067990651364,0
682,2014-06-29 10:00:00,0.7354843248054581,0
683,2014-06-29 11:00:00,0.6027068735309357,0
684,2014-06-29 12:00:00,0.7149673146818247,0
685,2014-06-29 13:00:00,0.48804470170988884,0
686,2014-06-29 14:00:00,0.2866387818805588,0
687,2014-06-29 15:00:00,0.3936355039020596,0
688,2014-06-29 16:00:00,0.26903466910452367,0
689,2014-06-29 17:00:00,0.08416815538161063,0
690,2014-06-29 18:00:00,-0.05241738232998493,0
691,2014-06-29 19:00:00,-0.1463858655787361,0
692,2014-06-29 20:00:00,-0.21410331208927907,0
693,2014-06-29 21:00:00,-0.4149018235727087,0
694,2014-06-29 22:00:00,-0.22621208532897152,0
695,2014-06-29 23:00:00,-0.5074023223967775,0
696,2014-06-30 00:00:00,-0.36729668249403824,0
697,2014-06-30 01:00:00,-0.7143395350505382,0
698,2014-06-30 02:00:00,-0.7640884215055688,0
699,2014-06-30 03:00:00,-0.8384854301421609,0
700,2014-06-30 04:00:00,-0.7753761874099371,0
701,2014-06-30 05:00:00,-0.8136200083528081,0
702,2014-06-30 06:00:00,-0.9195180855138637,0
703,2014-06-30 07:00:00,-0.8643676540386314,0
704,2014-06-30 08:00:00,-0.8787122589487221,0
705,2014-06-30 09:00:00,-0.9000239481114068,0
706,2014-06-30 10:00:00,-1.0361667571225306,0
707,2014-06-30 11:00:00,-1.092525241014637,0
708,2014-06-30 12:00:00,-1.113701197936066,0
709,2014-06-30 13:00:00,-1.059424399752924,0
710,2014-06-30 14:00:00,-0.8976079392078864,0
711,2014-06-30 15:00:00,-0.9379105754918644,0
712,2014-06-30 16:00:00,-0.7539808237637373,0
713,2014-06-30 17:00:00,-0.5198072734280901,0
714,2014-06-30 18:00:00,-0.6033946105350657,0
715,2014-06-30 19:00:00,-0.6891645396671577,0
716,2014-06-30 20:00:00,-0.32270002732883935,0
717,2014-06-30 21:00:00,-0.3315368781433692,0
718,2014-06-30 22:00:00,-0.2578537154060939,0
719,2014-06-30 23:00:00,-0.13163025329053674,0
720,2014-07-01 00:00:00,-0.13253658717479275,0
721,2014-07-01 01:00:00,0.10638327684622068,0
722,2014-07-01 02:00:00,0.283367182722696,0
723,2014-07-01 03:00:00,0.2065367253907709,0
724,2014-07-01 04:00:00,0.4637299973110519,0
725,2014-07-01 05:00:00,0.5609210407747964,0
726,2014-07-01 06:00:00,0.5309537352725678,0
727,2014-07-01 07:00:00,0.7700502103247575,0
728,2014-07-01 08:00:00,0.6272730594357687,0
729,2014-07-01 09:00:00,0.8529902617953039,0
730,2014-07-01 10:00:00,0.8516711598223324,0
731,2014-07-01 11:00:00,0.9052974015178837,0
732,2014-07-01 12:00:00,0.989914318292366,0
733,2014-07-01 13:00:00,0.9995260727063291,0
734,2014-07-01 14:00:00,0.7982700436298902,0
735,2014-07-01 15:00:00,0.8703137874229585,0
736,2014-07-01 16:00:00,0.8864622457228271,0
737,2014-07-01 17:00:00,0.9545428655487307,0
738,2014-07-01 18:00:00,1.0290611472402802,0
739,2014-07-01 19:00:00,1.0194271598137223,0
740,2014-07-01 20:00:00,0.9331994971421955,0
741,2014-07-01 21:00:00,0.8265309443329586,0
742,2014-07-01 22:00:00,0.6461184989204726,0
743,2014-07-01 23:00:00,0.7872657895377,0
744,2014-07-02 00:00:00,0.5983788896448794,0
745,2014-07-02 01:00:00,0.37619824725849804,0
746,2014-07-02 02:00:00,0.34474205309867156,0
747,2014-07-02 03:00:00,0.4308230052986574,0
748,2014-07-02 04:00:00,0.3513018338321975,0
749,2014-07-02 05:00:00,0.010937513393587645,0
750,2014-07-02 06:00:00,0.21080380084916825,0
751,2014-07-02 07:00:00,-0.013357626569629591,0
752,2014-07-02 08:00:00,-0.15109498303664987,0
753,2014-07-02 09:00:00,-0.4259637614760312,0
754,2014-07-02 10:00:00,-0.19153959249700533,0
755,2014-07-02 11:00:00,-0.5053224891190227,0
756,2014-07-02 12:00:00,-0.6629624424488323,0
757,2014-07-02 13:00:00,-0.7125078745658203,0
758,2014-07-02 14:00:00,-0.7536325038740453,0
759,2014-07-02 15:00:00,-0.9080593832784467,0
760,2014-07-02 16:00:00,-0.8046275999347213,0
761,2014-07-02 17:00:00,-0.9252668048303163,0
762,2014-07-02 18:00:00,-1.1242886585028447,0
763,2014-07-02 19:00:00,-1.0655277724527834,0
764,2014-07-02 20:00:00,-1.1079914276498048,0
765,2014-07-02 21:00:00,-1.0807796325729462,0
766,2014-07-02 22:00:00,-1.0494866574135615,0
767,2014-07-02 23:00:00,-0.9594019565646615,0
768,2014-07-03 00:00:00,-0.9805223239191393,0
769,2014-07-03 01:00:00,-0.9322375882317936,0
770,2014-07-03 02:00:00,-0.9409501273137657,0
771,2014-07-03 03:00:00,-0.7403321537760514,0
772,2014-07-03 04:00:00,-0.7708518646900702,0
773,2014-07-03 05:00:00,-0.4701300551150652,0
774,2014-07-03 06:00:00,-0.6771492475497347,0
775,2014-07-03 07:00:00,-0.5041012504902915,0
776,2014-07-03 08:00:00,-0.2767097375811993,0
777,2014-07-03 09:00:00,-0.4236265770087693,0
778,2014-07-03 10:00:00,-0.30300658954732995,0
779,2014-07-03 11:00:00,-0.21609437835785766,0
780,2014-07-03 12:00:00,-0.012986709047391696,0
781,2014-07-03 13:00:00,0.07521956934327641,0
782,2014-07-03 14:00:00,0.2292646036597541,0
783,2014-07-03 15:00:00,0.42082007480128636,0
784,2014-07-03 16:00:00,0.29109027780158064,0
785,2014-07-03 17:00:00,0.4614539098118519,0
786,2014-07-03 18:00:00,0.6277179896543493,0
787,2014-07-03 19:00:00,0.4179836964531074,0
788,2014-07-03 20:00:00,0.6904840220726582,0
789,2014-07-03 21:00:00,0.7634388042269188,0
790,2014-07-03 22:00:00,0.8055150065336151,0
791,2014-07-03 23:00:00,0.9419385495880801,0
792,2014-07-04 00:00:00,1.0607685992214564,0
793,2014-07-04 01:00:00,0.9242898638911995,0
794,2014-07-04 02:00:00,1.2140815696539407,0
795,2014-07-04 03:00:00,0.9297356214806589,0
796,2014-07-04 04:00:00,0.988461939532562,0
797,2014-07-04 05:00:00,0.9998704224028175,0
798,2014-07-04 06:00:00,0.7985530872847185,0
799,2014-07-04 07:00:00,0.9593346550285082,0
800,2014-07-04 08:00:00,0.8681297258914151,0
801,2014-07-04 09:00:00,0.8246541465565889,0
802,2014-07-04 10:00:00,0.8469102444395697,0
803,2014-07-04 11:00:00,0.673697196383031,0
804,2014-07-04 12:00:00,0.6985188671672886,0
805,2014-07-04 13:00:00,0.366221094903065,0
806,2014-07-04 14:00:00,0.3813699708928268,0
807,2014-07-04 15:00:00,0.4345049783944319,0
808,2014-07-04 16:00:00,0.19985717400460987,0
809,2014-07-04 17:00:00,-0.017555762273719577,0
810,2014-07-04 18:00:00,-0.115592608507019,0
811,2014-07-04 19:00:00,-0.18026244842347677,0
812,2014-07-04 20:00:00,-0.3391508314821737,0
813,2014-07-04 21:00:00,-0.2594821436330848,0
814,2014-07-04 22:00:00,-0.6882427738527244,0
815,2014-07-04 23:00:00,-0.5821378302256511,0
816,2014-07-05 00:00:00,-0.726850310312196,0
817,2014-07-05 01:00:00,-0.8064548736549418,0
818,2014-07-05 02:00:00,-0.8000999948073718,0
819,2014-07-05 03:00:00,-0.932510332122049,0
820,2014-07-05 04:00:00,-0.8182656387606944,0
821,2014-07-05 05:00:00,-0.9924933716339155,0
822,2014-07-05 06:00:00,-1.0062800439529371,0
823,2014-07-05 07:00:00,-0.8943839086902258,0
824,2014-07-05 08:00:00,-0.967250113681665,0
825,2014-07-05 09:00:00,-0.9873744524409047,0
826,2014-07-05 10:00:00,-0.9971077375380848,0
827,2014-07-05 11:00:00,-1.0905818227688902,0
828,2014-07-05 12:00:00,-0.9208992374012369,0
829,2014-07-05 13:00:00,-0.7016863140786751,0
830,2014-07-05 14:00:00,-0.8923220175053812,0
831,2014-07-05 15:00:00,-0.9093557887435264,0
832,2014-07-05 16:00:00,-0.8949244479945123,0
833,2014-07-05 17:00:00,-0.8613300967194777,0
834,2014-07-05 18:00:00,-0.6221197771817462,0
835,2014-07-05 19:00:00,-0.5540364331357034,0
836,2014-07-05 20:00:00,-0.30221969256802655,0
837,2014-07-05 21:00:00,-0.31701051808853364,0
838,2014-07-05 22:00:00,-0.1417721943591802,0
839,2014-07-05 23:00:00,-0.042189622135464455,0
840,2014-07-06 00:00:00,0.11986018308251346,0
841,2014-07-06 01:00:00,0.0736503818878824,0
842,2014-07-06 02:00:00,0.30492848970492153,0
843,2014-07-06 03:00:00,0.35412161571628253,0
844,2014-07-06 04:00:00,0.3004659709821876,0
845,2014-07-06 05:00:00,0.39748579633347864,0
846,2014-07-06 06:00:00,0.6297466546896715,0
847,2014-07-06 07:00:00,0.6375973784006285,0
848,2014-07-06 08:00:00,0.522069384305455,0
849,2014-07-06 09:00:00,0.8346959778769,0
850,2014-07-06 10:00:00,0.8920783393062541,0
851,2014-07-06 11:00:00,0.9333634490802457,0
852,2014-07-06 12:00:00,1.1036417203112,0
853,2014-07-06 13:00:00,0.9383203753744992,0
854,2014-07-06 14:00:00,0.8408823744910761,0
855,2014-07-06 15:00:00,1.0634149064779979,0
856,2014-07-06 16:00:00,1.010012175957252,0
857,2014-07-06 17:00:00,1.0382152784705958,0
858,2014-07-06 18:00:00,1.0157850648742106,0
859,2014-07-06 19:00:00,0.9285018981573113,0
860,2014-07-06 20:00:00,0.8108911469778568,0
861,2014-07-06 21:00:00,0.8024667531536597,0
862,2014-07-06 22:00:00,0.7273331525138582,0
863,2014-07-06 23:00:00,0.6234990884427493,0
864,2014-07-07 00:00:00,0.6034724635840274,0
865,2014-07-07 01:00:00,0.488020523246908,0
866,2014-07-07 02:00:00,0.4116109141271836,0
867,2014-07-07 03:00:00,0.1999991360547949,0
868,2014-07-07 04:00:00,0.17934812612217044,0
869,2014-07-07 05:00:00,-0.010124724311645586,0
870,2014-07-07 06:00:00,-0.10584984877165798,0
871,2014-07-07 07:00:00,0.03315137092131043,0
872,2014-07-07 08:00:00,-0.30959661674005184,0
873,2014-07-07 09:00:00,-0.2604570173360768,0
874,2014-07-07 10:00:00,-0.5751443833668967,0
875,2014-07-07 11:00:00,-0.5103563503786774,0
876,2014-07-07 12:00:00,-0.4834960810165009,0
877,2014-07-07 13:00:00,-0.5906450328984298,0
878,2014-07-07 14:00:00,-0.8172937489653583,0
879,2014-07-07 15:00:00,-0.729642869552791,0
880,2014-07-07 16:00:00,-0.9032669783609327,0
881,2014-07-07 17:00:00,-1.0102780666037579,0
882,2014-07-07 18:00:00,-1.0718234403405793,0
883,2014-07-07 19:00:00,-1.1789451199955354,0
884,2014-07-07 20:00:00,-0.9475722747615957,0
885,2014-07-07 21:00:00,-0.9224345778334861,0
886,2014-07-07 22:00:00,-0.8274152461657218,0
887,2014-07-07 23:00:00,-1.0132715986634315,0
888,2014-07-08 00:00:00,-0.9838264861519123,0
889,2014-07-08 01:00:00,-0.969433646990751,0
890,2014-07-08 02:00:00,-0.8347984061723541,0
891,2014-07-08 03:00:00,-0.7933454356317298,0
892,2014-07-08 04:00:00,-0.8936475002462247,0
893,2014-07-08 05:00:00,-0.6214160415064746,0
894,2014-07-08 06:00:00,-0.5306845157216408,0
895,2014-07-08 07:00:00,-0.4745930543861468,0
896,2014-07-08 08:00:00,-0.43086052474935455,0
897,2014-07-08 09:00:00,-0.5007056537703798,0
898,2014-07-08 10:00:00,-0.19779218235308108,0
899,2014-07-08 11:00:00,-0.11520873939413467,0
900,2014-07-08 12:00:00,-0.04659838896148968,0
901,2014-07-08 13:00:00,0.1113051895877429,0
902,2014-07-08 14:00:00,0.185465013830869,0
903,2014-07-08 15:00:00,0.3161908249419071,0
904,2014-07-08 16:00:00,0.3950604867999409,0
905,2014-07-08 17:00:00,0.453014134547485,0
906,2014-07-08 18:00:00,0.4768644028187863,0
907,2014-07-08 19:00:00,0.5452846671413711,0
908,2014-07-08 20:00:00,0.7772835908699688,0
909,2014-07-08 21:00:00,0.8053202412607648,0
910,2014-07-08 22:00:00,0.9067213732011156,0
911,2014-07-08 23:00:00,0.9571989535228947,0
912,2014-07-09 00:00:00,0.9381660877041221,0
913,2014-07-09 01:00:00,1.1697128596256299,0
914,2014-07-09 02:00:00,0.9442942511566605,0
915,2014-07-09 03:00:00,1.0067693608649115,0
916,2014-07-09 04:00:00,0.9437688960237266,0
917,2014-07-09 05:00:00,0.9422432184053082,0
918,2014-07-09 06:00:00,0.8476769095443953,0
919,2014-07-09 07:00:00,0.9815499774414121,0
920,2014-07-09 08:00:00,0.8130251473580826,0
921,2014-07-09 09:00:00,0.8745766934711119,0
922,2014-07-09 10:00:00,0.8495576900807786,0
923,2014-07-09 11:00:00,0.6670041144878002,0
924,2014-07-09 12:00:00,0.5346432565336899,0
925,2014-07-09 13:00:00,0.5309762223716376,0
926,2014-07-09 14:00:00,0.46327526796818863,0
927,2014-07-09 15:00:00,0.3739615979234153,0
928,2014-07-09 16:00:00,0.07515277480931526,0
929,2014-07-09 17:00:00,0.25503045602271934,0
930,2014-07-09 18:00:00,-0.08788115094867748,0
931,2014-07-09 19:00:00,-0.24255003074576348,0
932,2014-07-09 20:00:00,-0.14637969631775435,0
933,2014-07-09 21:00:00,-0.34347187208267005,0
934,2014-07-09 22:00:00,-0.395793317497541,0
935,2014-07-09 23:00:00,-0.4784722064980694,0
936,2014-07-10 00:00:00,-0.41574656526215337,0
937,2014-07-10 01:00:00,-0.654188380486069,0
938,2014-07-10 02:00:00,-0.6961756271059182,0
939,2014-07-10 03:00:00,-0.8429492061282046,0
940,2014-07-10 04:00:00,-0.9365164931318156,0
941,2014-07-10 05:00:00,-0.8273428727188922,0
942,2014-07-10 06:00:00,-0.8922715490696105,0
943,2014-07-10 07:00:00,-0.8206133922426124,0
944,2014-07-10 08:00:00,-1.0716105972888095,0
945,2014-07-10 09:00:00,-0.9628719167365066,0
946,2014-07-10 10:00:00,-0.9173749203787489,0
947,2014-07-10 11:00:00,-1.145010867327298,0
948,2014-07-10 12:00:00,-1.078473356974312,0
949,2014-07-10 13:00:00,-0.8643286827411337,0
950,2014-07-10 14:00:00,-0.8428431805373124,0
951,2014-07-10 15:00:00,-0.8728862425787965,0
952,2014-07-10 16:00:00,-0.6520515866357035,0
953,2014-07-10 17:00:00,-0.7586781299498861,0
954,2014-07-10 18:00:00,-0.73184248244009,0
955,2014-07-10 19:00:00,-0.4915017128154955,0
956,2014-07-10 20:00:00,-0.39351982812953934,0
957,2014-07-10 21:00:00,-0.21438712795057271,0
958,2014-07-10 22:00:00,-0.1854889468641686,0
959,2014-07-10 23:00:00,-0.021176994450199507,0
960,2014-07-11 00:00:00,-0.09689892507621294,0
961,2014-07-11 01:00:00,0.19094551809778246,0
962,2014-07-11 02:00:00,0.10347337615627361,0
963,2014-07-11 03:00:00,0.41180088725719105,0
964,2014-07-11 04:00:00,0.38705387160802757,0
965,2014-07-11 05:00:00,0.49918322124179737,0
966,2014-07-11 06:00:00,0.5463733025604505,0
967,2014-07-11 07:00:00,0.6562492321505305,0
968,2014-07-11 08:00:00,0.7112368575809959,0
969,2014-07-11 09:00:00,0.6628756301437415,0
970,2014-07-11 10:00:00,0.7831843338349277,0
971,2014-07-11 11:00:00,0.8510153027868944,0
972,2014-07-11 12:00:00,0.9777351177935271,0
973,2014-07-11 13:00:00,1.030749070028118,0
974,2014-07-11 14:00:00,0.9637126561918143,0
975,2014-07-11 15:00:00,1.0384037785498714,0
976,2014-07-11 16:00:00,1.0395910635944527,0
977,2014-07-11 17:00:00,0.9472040382030065,0
978,2014-07-11 18:00:00,0.7076356488061564,0
979,2014-07-11 19:00:00,0.9170335034210362,0
980,2014-07-11 20:00:00,1.0114272380276168,0
981,2014-07-11 21:00:00,0.7549913522329653,0
982,2014-07-11 22:00:00,0.8171600293610767,0
983,2014-07-11 23:00:00,0.5983016125005445,0
984,2014-07-12 00:00:00,0.5220124452823534,0
985,2014-07-12 01:00:00,0.711109853676843,0
986,2014-07-12 02:00:00,0.3994399493913984,0
987,2014-07-12 03:00:00,0.21477768166525574,0
988,2014-07-12 04:00:00,0.3224125565933167,0
989,2014-07-12 05:00:00,0.13561610081095793,0
990,2014-07-12 06:00:00,0.03921338013602842,0
991,2014-07-12 07:00:00,-0.2939878520322308,0
992,2014-07-12 08:00:00,-0.2420628547776445,0
993,2014-07-12 09:00:00,-0.302039622936005,0
994,2014-07-12 10:00:00,-0.4227723498760956,0
995,2014-07-12 11:00:00,-0.601433917613533,0
996,2014-07-12 12:00:00,-0.6209680271504784,0
997,2014-07-12 13:00:00,-0.5250608661710053,0
998,2014-07-12 14:00:00,-0.7821666118704037,0
999,2014-07-12 15:00:00,-0.7447719319315482,0
1000,2014-07-12 16:00:00,-1.7506270359921663,1
1001,2014-07-12 17:00:00,-0.38703079037587207,1
1002,2014-07-12 18:00:00,-1.0160652386867386,1
1003,2014-07-12 19:00:00,-1.2380251702100005,1
1004,2014-07-12 20:00:00,-1.211737309381216,1
1005,2014-07-12 21:00:00,0.08486604301143785,1
1006,2014-07-12 22:00:00,-2.3771449488120573,1
1007,2014-07-12 23:00:00,-0.38854053762661256,1
1008,2014-07-13 00:00:00,-0.12007474931513018,1
1009,2014-07-13 01:00:00,0.554064377749287,1
1010,2014-07-13 02:00:00,-0.7238951330231644,1
1011,2014-07-13 03:00:00,-1.402003917697767,1
1012,2014-07-13 04:00:00,-1.7830140287344174,1
1013,2014-07-13 05:00:00,-0.6773949548172559,1
1014,2014-07-13 06:00:00,-1.504760028449219,1
1015,2014-07-13 07:00:00,-0.444224097560003,1
1016,2014-07-13 08:00:00,-0.5905068089801357,1
1017,2014-07-13 09:00:00,0.07797513418347607,1
1018,2014-07-13 10:00:00,-0.26779930430905874,1
1019,2014-07-13 11:00:00,-0.32629133338274746,1
1020,2014-07-13 12:00:00,0.9637304043736818,1
1021,2014-07-13 13:00:00,0.18871126458870846,1
1022,2014-07-13 14:00:00,1.068265288924814,1
1023,2014-07-13 15:00:00,-0.36123402517026537,1
1024,2014-07-13 16:00:00,0.7630179208459367,1
1025,2014-07-13 17:00:00,0.8219744021047171,1
1026,2014-07-13 18:00:00,0.19771968271709273,1
1027,2014-07-13 19:00:00,-0.1303382202100013,1
1028,2014-07-13 20:00:00,-0.02294501891184486,1
1029,2014-07-13 21:00:00,1.052173254715039,1
1030,2014-07-13 22:00:00,1.4770817305906627,1
1031,2014-07-13 23:00:00,1.0167869357378505,1
1032,2014-07-14 00:00:00,1.959256821040424,1
1033,2014-07-14 01:00:00,1.0174243171683588,1
1034,2014-07-14 02:00:00,0.8558394582229731,1
1035,2014-07-14 03:00:00,0.9511084011544025,1
1036,2014-07-14 04:00:00,1.3109201666396135,1
1037,2014-07-14 05:00:00,2.01760726561709,1
1038,2014-07-14 06:00:00,-0.3568221135923244,1
1039,2014-07-14 07:00:00,1.238657055084906,1
1040,2014-07-14 08:00:00,0.9790192044995928,1
1041,2014-07-14 09:00:00,1.5486852980485284,1
1042,2014-07-14 10:00:00,0.7886373302239418,1
1043,2014-07-14 11:00:00,0.1677934903812528,1
1044,2014-07-14 12:00:00,-0.8637211597824399,1
1045,2014-07-14 13:00:00,-0.6683816480527012,1
1046,2014-07-14 14:00:00,-1.476982161746312,1
1047,2014-07-14 15:00:00,1.9857545271145796,1
1048,2014-07-14 16:00:00,0.5066523460896016,1
1049,2014-07-14 17:00:00,-0.16080984843409857,1
1050,2014-07-14 18:00:00,0.13700992261658887,0
1051,2014-07-14 19:00:00,-0.05905834676580846,0
1052,2014-07-14 20:00:00,-0.05005636315418824,0
1053,2014-07-14 21:00:00,-0.18939898732374572,0
1054,2014-07-14 22:00:00,-0.5906541009474688,0
1055,2014-07-14 23:00:00,-0.38906186832197387,0
1056,2014-07-15 00:00:00,-0.5329675009755384,0
1057,2014-07-15 01:00:00,-0.78430265593987,0
1058,2014-07-15 02:00:00,-0.7021732858447801,0
1059,2014-07-15 03:00:00,-0.9518157454306594,0
1060,2014-07-15 04:00:00,-0.8464360715917519,0
1061,2014-07-15 05:00:00,-0.7977252053110075,0
1062,2014-07-15 06:00:00,-0.9271212231641023,0
1063,2014-07-15 07:00:00,-1.0988613310319186,0
1064,2014-07-15 08:00:00,-1.0242749151213488,0
1065,2014-07-15 09:00:00,-0.9651854554636272,0
1066,2014-07-15 10:00:00,-0.9126932122569122,0
1067,2014-07-15 11:00:00,-0.9580975310931854,0
1068,2014-07-15 12:00:00,-0.987610473076287,0
1069,2014-07-15 13:00:00,-0.9689618596994549,0
1070,2014-07-15 14:00:00,-0.8178549198508357,0
1071,2014-07-15 15:00:00,-0.645566726927141,0
1072,2014-07-15 16:00:00,-0.6729386903178092,0
1073,2014-07-15 17:00:00,-0.7334572616740025,0
1074,2014-07-15 18:00:00,-0.46367401626467564,0
1075,2014-07-15 19:00:00,-0.5097413318337805,0
1076,2014-07-15 20:00:00,-0.25728288206274064,0
1077,2014-07-15 21:00:00,-0.3164789606664119,0
1078,2014-07-15 22:00:00,-0.09855902793020478,0
1079,2014-07-15 23:00:00,-0.1355774121335683,0
1080,2014-07-16 00:00:00,-0.014497451690346256,0
1081,2014-07-16 01:00:00,0.24867605087410344,0
1082,2014-07-16 02:00:00,0.08054518119746695,0
1083,2014-07-16 03:00:00,0.3330377370459557,0
1084,2014-07-16 04:00:00,0.3495876224787768,0
1085,2014-07-16 05:00:00,0.529042225640646,0
1086,2014-07-16 06:00:00,0.5999794983249385,0
1087,2014-07-16 07:00:00,0.9008863138483657,0
1088,2014-07-16 08:00:00,0.7784061212026973,0
1089,2014-07-16 09:00:00,0.6877069683706044,0
1090,2014-07-16 10:00:00,0.8254916663464973,0
1091,2014-07-16 11:00:00,0.9852242952696811,0
1092,2014-07-16 12:00:00,0.9201670757008504,0
1093,2014-07-16 13:00:00,1.0499054264517955,0
1094,2014-07-16 14:00:00,1.1318592452197926,0
1095,2014-07-16 15:00:00,1.0974920051476345,0
1096,2014-07-16 16:00:00,0.8839288651025294,0
1097,2014-07-16 17:00:00,0.9210286128034051,0
1098,2014-07-16 18:00:00,0.9597438431500361,0
1099,2014-07-16 19:00:00,0.7355657747354873,0
1100,2014-07-16 20:00:00,0.937589037720433,0
1101,2014-07-16 21:00:00,0.7827222031292204,0
1102,2014-07-16 22:00:00,0.7257331451460447,0
1103,2014-07-16 23:00:00,0.7045196941641899,0
1104,2014-07-17 00:00:00,0.5290589697112222,0
1105,2014-07-17 01:00:00,0.6511953849904076,0
1106,2014-07-17 02:00:00,0.48222778114011045,0
1107,2014-07-17 03:00:00,0.17772138375823823,0
1108,2014-07-17 04:00:00,0.21338943101133323,0
1109,2014-07-17 05:00:00,0.05104776368762312,0
1110,2014-07-17 06:00:00,0.0806390993804144,0
1111,2014-07-17 07:00:00,-0.029573648807900532,0
1112,2014-07-17 08:00:00,-0.06997787783144019,0
1113,2014-07-17 09:00:00,-0.35617645572769774,0
1114,2014-07-17 10:00:00,-0.43426734459312144,0
1115,2014-07-17 11:00:00,-0.47611827575609594,0
1116,2014-07-17 12:00:00,-0.5527327830156857,0
1117,2014-07-17 13:00:00,-0.7337962343513714,0
1118,2014-07-17 14:00:00,-0.6716610512441686,0
1119,2014-07-17 15:00:00,-0.8163297783192958,0
1120,2014-07-17 16:00:00,-1.1122476616809325,0
1121,2014-07-17 17:00:00,-1.1546686148218677,0
1122,2014-07-17 18:00:00,-1.050651212520798,0
1123,2014-07-17 19:00:00,-0.8253585832514062,0
1124,2014-07-17 20:00:00,-0.9033209316718414,0
1125,2014-07-17 21:00:00,-0.9664668042356266,0
1126,2014-07-17 22:00:00,-1.035084554748955,0
1127,2014-07-17 23:00:00,-0.9892358369860998,0
1128,2014-07-18 00:00:00,-0.8950404786334314,0
1129,2014-07-18 01:00:00,-0.9512772658190404,0
1130,2014-07-18 02:00:00,-0.7365525031813158,0
1131,2014-07-18 03:00:00,-0.6580796985203573,0
1132,2014-07-18 04:00:00,-0.6328116996940586,0
1133,2014-07-18 05:00:00,-0.7283324784945395,0
1134,2014-07-18 06:00:00,-0.6011652945371431,0
1135,2014-07-18 07:00:00,-0.5059770879706442,0
1136,2014-07-18 08:00:00,-0.37743040547749285,0
1137,2014-07-18 09:00:00,-0.4501001370742166,0
1138,2014-07-18 10:00:00,-0.0824859167148993,0
1139,2014-07-18 11:00:00,-0.19355612116736393,0
1140,2014-07-18 12:00:00,0.01710135439551508,0
1141,2014-07-18 13:00:00,0.11040400129004342,0
1142,2014-07-18 14:00:00,0.18714573043739446,0
1143,2014-07-18 15:00:00,0.42537557390412495,0
1144,2014-07-18 16:00:00,0.4436582442054803,0
1145,2014-07-18 17:00:00,0.5904773921257864,0
1146,2014-07-18 18:00:00,0.664016487101669,0
1147,2014-07-18 19:00:00,0.600974858459521,0
1148,2014-07-18 20:00:00,0.8809271715331827,0
1149,2014-07-18 21:00:00,0.9274724734823687,0
1150,2014-07-18 22:00:00,0.7678190763211067,0
1151,2014-07-18 23:00:00,0.8884993757277386,0
1152,2014-07-19 00:00:00,0.9190894196959769,0
1153,2014-07-19 01:00:00,1.0103868514155738,0
1154,2014-07-19 02:00:00,1.0413130947633842,0
1155,2014-07-19 03:00:00,1.2324048745443137,0
1156,2014-07-19 04:00:00,0.9121266237383294,0
1157,2014-07-19 05:00:00,0.9479356522882766,0
1158,2014-07-19 06:00:00,1.0746498647983231,0
1159,2014-07-19 07:00:00,1.0326148749202024,0
1160,2014-07-19 08:00:00,0.7910358008041585,0
1161,2014-07-19 09:00:00,0.8905391967036318,0
1162,2014-07-19 10:00:00,0.7068566835420972,0
1163,2014-07-19 11:00:00,0.7334534477686913,0
1164,2014-07-19 12:00:00,0.653391654973625,0
1165,2014-07-19 13:00:00,0.6738086015744037,0
1166,2014-07-19 14:00:00,0.25445206778744267,0
1167,2014-07-19 15:00:00,0.23117663437600788,0
1168,2014-07-19 16:00:00,0.2658749963949941,0
1169,2014-07-19 17:00:00,-0.0015050894793117997,0
1170,2014-07-19 18:00:00,-0.054884856020846355,0
1171,2014-07-19 19:00:00,-0.01033900520859253,0
1172,2014-07-19 20:00:00,-0.2923459383751239,0
1173,2014-07-19 21:00:00,-0.3671775610648401,0
1174,2014-07-19 22:00:00,-0.4071338550485125,0
1175,2014-07-19 23:00:00,-0.6480409941779538,0
1176,2014-07-20 00:00:00,-0.3712590033892288,0
1177,2014-07-20 01:00:00,-0.7815219554630763,0
1178,2014-07-20 02:00:00,-0.9376964614718035,0
1179,2014-07-20 03:00:00,-0.8213180999069901,0
1180,2014-07-20 04:00:00,-0.9135899172046934,0
1181,2014-07-20 05:00:00,-0.8343264823730416,0
1182,2014-07-20 06:00:00,-0.846133469151248,0
1183,2014-07-20 07:00:00,-1.1280638589400698,0
1184,2014-07-20 08:00:00,-1.1021409921096463,0
1185,2014-07-20 09:00:00,-1.1020262848904872,0
1186,2014-07-20 10:00:00,-0.7726947959008261,0
1187,2014-07-20 11:00:00,-0.9887593939512573,0
1188,2014-07-20 12:00:00,-0.7940637656629405,0
1189,2014-07-20 13:00:00,-0.9056925761283243,0
1190,2014-07-20 14:00:00,-0.8621337020391246,0
1191,2014-07-20 15:00:00,-0.95218040350431,0
1192,2014-07-20 16:00:00,-0.74553188027169,0
1193,2014-07-20 17:00:00,-0.5656955361114617,0
1194,2014-07-20 18:00:00,-0.5744934657198483,0
1195,2014-07-20 19:00:00,-0.4579809261389852,0
1196,2014-07-20 20:00:00,-0.37169234245345056,0
1197,2014-07-20 21:00:00,-0.06421651399144246,0
1198,2014-07-20 22:00:00,-0.28628922396166606,0
1199,2014-07-20 23:00:00,-0.028003732480369095,0
1200,2014-07-21 00:00:00,0.07059600441357877,0
1201,2014-07-21 01:00:00,0.17682714652289636,0
1202,2014-07-21 02:00:00,0.38375898327203395,0
1203,2014-07-21 03:00:00,0.25370606029356213,0
1204,2014-07-21 04:00:00,0.3461337354380468,0
1205,2014-07-21 05:00:00,0.5190472614446322,0
1206,2014-07-21 06:00:00,0.6518554603404206,0
1207,2014-07-21 07:00:00,0.5434103291455967,0
1208,2014-07-21 08:00:00,0.7371745653492313,0
1209,2014-07-21 09:00:00,0.7597306924260628,0
1210,2014-07-21 10:00:00,1.0125766727888088,0
1211,2014-07-21 11:00:00,1.0728418867094,0
1212,2014-07-21 12:00:00,0.956035752811426,0
1213,2014-07-21 13:00:00,1.0802457935409269,0
1214,2014-07-21 14:00:00,0.8009015665883004,0
1215,2014-07-21 15:00:00,0.9571613840115825,0
1216,2014-07-21 16:00:00,0.8574382662577972,0
1217,2014-07-21 17:00:00,0.9573748394172007,0
1218,2014-07-21 18:00:00,1.03855415904974,0
1219,2014-07-21 19:00:00,0.8558484258600793,0
1220,2014-07-21 20:00:00,0.8664470762363654,0
1221,2014-07-21 21:00:00,1.0059214138053754,0
1222,2014-07-21 22:00:00,0.7943325916223265,0
1223,2014-07-21 23:00:00,0.9484471825319767,0
1224,2014-07-22 00:00:00,0.5800240826994063,0
1225,2014-07-22 01:00:00,0.31546736337610615,0
1226,2014-07-22 02:00:00,0.45659054973977253,0
1227,2014-07-22 03:00:00,0.285796831583353,0
1228,2014-07-22 04:00:00,0.0651447213170939,0
1229,2014-07-22 05:00:00,0.016499690635565778,0
1230,2014-07-22 06:00:00,-0.17760044138229014,0
1231,2014-07-22 07:00:00,0.10132427268973536,0
1232,2014-07-22 08:00:00,-0.36583692450915145,0
1233,2014-07-22 09:00:00,-0.11760692144494289,0
1234,2014-07-22 10:00:00,-0.4416514555186894,0
1235,2014-07-22 11:00:00,-0.4893858278577624,0
1236,2014-07-22 12:00:00,-0.554675170141778,0
1237,2014-07-22 13:00:00,-0.5679400223143127,0
1238,2014-07-22 14:00:00,-0.914826383719691,0
1239,2014-07-22 15:00:00,-0.7921737974651218,0
1240,2014-07-22 16:00:00,-1.0709864564672533,0
1241,2014-07-22 17:00:00,-0.8725761250896871,0
1242,2014-07-22 18:00:00,-1.0124618324565606,0
1243,2014-07-22 19:00:00,-1.0076185006138985,0
1244,2014-07-22 20:00:00,-0.8703566764142762,0
1245,2014-07-22 21:00:00,-1.1820544126042751,0
1246,2014-07-22 22:00:00,-1.0008722522452316,0
1247,2014-07-22 23:00:00,-0.9300908544383043,0
1248,2014-07-23 00:00:00,-0.9305732574535329,0
1249,2014-07-23 01:00:00,-0.7152212990187337,0
1250,2014-07-23 02:00:00,-0.8133214707238591,0
1251,2014-07-23 03:00:00,-0.9172788550925443,0
1252,2014-07-23 04:00:00,-0.7856368971298647,0
1253,2014-07-23 05:00:00,-0.6867747986305374,0
1254,2014-07-23 06:00:00,-0.48710697287104443,0
1255,2014-07-23 07:00:00,-0.41713851692471643,0
1256,2014-07-23 08:00:00,-0.37357751960932223,0
1257,2014-07-23 09:00:00,-0.26240793048234534,0
1258,2014-07-23 10:00:00,-0.17337411548944717,0
1259,2014-07-23 11:00:00,-0.06363484326121385,0
1260,2014-07-23 12:00:00,0.0341453301990742,0
1261,2014-07-23 13:00:00,0.3005801283576194,0
1262,2014-07-23 14:00:00,0.31275931690821135,0
1263,2014-07-23 15:00:00,0.4026258206717874,0
1264,2014-07-23 16:00:00,0.4770637501628964,0
1265,2014-07-23 17:00:00,0.579620261200047,0
1266,2014-07-23 18:00:00,0.44511436804459825,0
1267,2014-07-23 19:00:00,0.7204108861384003,0
1268,2014-07-23 20:00:00,0.659098785499163,0
1269,2014-07-23 21:00:00,0.9917780151298843,0
1270,2014-07-23 22:00:00,0.8893050384250638,0
1271,2014-07-23 23:00:00,0.9434629971581213,0
1272,2014-07-24 00:00:00,1.113166288556234,0
1273,2014-07-24 01:00:00,0.8945175064758668,0
1274,2014-07-24 02:00:00,0.857093401603427,0
1275,2014-07-24 03:00:00,1.0423824557463013,0
1276,2014-07-24 04:00:00,1.0447624761136562,0
1277,2014-07-24 05:00:00,1.0392898818797276,0
1278,2014-07-24 06:00:00,0.923159081001712,0
1279,2014-07-24 07:00:00,0.9472426443916854,0
1280,2014-07-24 08:00:00,0.8127150609010401,0
1281,2014-07-24 09:00:00,0.6688592600837597,0
1282,2014-07-24 10:00:00,0.8153952655891918,0
1283,2014-07-24 11:00:00,0.6808183153064311,0
1284,2014-07-24 12:00:00,0.4535118431077587,0
1285,2014-07-24 13:00:00,0.3532235643700745,0
1286,2014-07-24 14:00:00,0.29283148735263315,0
1287,2014-07-24 15:00:00,0.3459565883621458,0
1288,2014-07-24 16:00:00,0.11523830383927822,0
1289,2014-07-24 17:00:00,0.1338778460724255,0
1290,2014-07-24 18:00:00,-0.13757829190420584,0
1291,2014-07-24 19:00:00,-0.13019005997431554,0
1292,2014-07-24 20:00:00,-0.1667190617643425,0
1293,2014-07-24 21:00:00,-0.3954356747769476,0
1294,2014-07-24 22:00:00,-0.4761522041177737,0
1295,2014-07-24 23:00:00,-0.6340882303591439,0
1296,2014-07-25 00:00:00,-0.4837874565197531,0
1297,2014-07-25 01:00:00,-0.7181945584169926,0
1298,2014-07-25 02:00:00,-0.7401040499842346,0
1299,2014-07-25 03:00:00,-0.9869003103505287,0
1300,2014-07-25 04:00:00,-0.9262963843574603,0
1301,2014-07-25 05:00:00,-0.9083188077013093,0
1302,2014-07-25 06:00:00,-0.8804006508968847,0
1303,2014-07-25 07:00:00,-0.9704438396892742,0
1304,2014-07-25 08:00:00,-1.171555826062081,0
1305,2014-07-25 09:00:00,-1.0050140635556695,0
1306,2014-07-25 10:00:00,-0.9961341840316046,0
1307,2014-07-25 11:00:00,-0.9389250920908705,0
1308,2014-07-25 12:00:00,-0.9008928626911574,0
1309,2014-07-25 13:00:00,-1.006281667448075,0
1310,2014-07-25 14:00:00,-0.8731954423661843,0
1311,2014-07-25 15:00:00,-0.7458331115787762,0
1312,2014-07-25 16:00:00,-0.6661029284369941,0
1313,2014-07-25 17:00:00,-0.76192135647269,0
1314,2014-07-25 18:00:00,-0.6636577492046272,0
1315,2014-07-25 19:00:00,-0.4754669291985566,0
1316,2014-07-25 20:00:00,-0.44344810945645136,0
1317,2014-07-25 21:00:00,-0.3377754395880512,0
1318,2014-07-25 22:00:00,-0.12324419847719839,0
1319,2014-07-25 23:00:00,-0.08958291380747366,0
1320,2014-07-26 00:00:00,0.058289481933484294,0
1321,2014-07-26 01:00:00,0.16591777050542014,0
1322,2014-07-26 02:00:00,0.10072689601311624,0
1323,2014-07-26 03:00:00,0.3828563306568198,0
1324,2014-07-26 04:00:00,0.4020921566096719,0
1325,2014-07-26 05:00:00,0.33904996301761897,0
1326,2014-07-26 06:00:00,0.6114898143685933,0
1327,2014-07-26 07:00:00,0.692775033261577,0
1328,2014-07-26 08:00:00,0.7790703742288747,0
1329,2014-07-26 09:00:00,0.7573639757213166,0
1330,2014-07-26 10:00:00,0.9645280808071155,0
1331,2014-07-26 11:00:00,0.8356196528938712,0
1332,2014-07-26 12:00:00,0.9114681008546272,0
1333,2014-07-26 13:00:00,1.0864660858369175,0
1334,2014-07-26 14:00:00,1.0438513406766114,0
1335,2014-07-26 15:00:00,1.0232256999140534,0
1336,2014-07-26 16:00:00,1.1673607539192044,0
1337,2014-07-26 17:00:00,0.9547733408862488,0
1338,2014-07-26 18:00:00,0.7663483564512299,0
1339,2014-07-26 19:00:00,0.9353348523448101,0
1340,2014-07-26 20:00:00,0.8259486070639002,0
1341,2014-07-26 21:00:00,0.7746155293608559,0
1342,2014-07-26 22:00:00,0.6531826420675214,0
1343,2014-07-26 23:00:00,0.5662006566591672,0
1344,2014-07-27 00:00:00,0.5243298455856167,0
1345,2014-07-27 01:00:00,0.5391864483315588,0
1346,2014-07-27 02:00:00,0.28915562718421073,0
1347,2014-07-27 03:00:00,0.35832844213113246,0
1348,2014-07-27 04:00:00,0.15351612706068934,0
1349,2014-07-27 05:00:00,0.11981415950435145,0
1350,2014-07-27 06:00:00,0.15050630621035951,0
1351,2014-07-27 07:00:00,-0.1519334890294835,0
1352,2014-07-27 08:00:00,-0.18695658815999258,0
1353,2014-07-27 09:00:00,-0.3225648391424421,0
1354,2014-07-27 10:00:00,-0.3075932788400344,0
1355,2014-07-27 11:00:00,-0.6505991687159444,0
1356,2014-07-27 12:00:00,-0.548260299865124,0
1357,2014-07-27 13:00:00,-0.7185384211726207,0
1358,2014-07-27 14:00:00,-0.8783774705879885,0
1359,2014-07-27 15:00:00,-0.9019988234415576,0
1360,2014-07-27 16:00:00,-0.9196808304448968,0
1361,2014-07-27 17:00:00,-0.8974194363856344,0
1362,2014-07-27 18:00:00,-0.9237586601935673,0
1363,2014-07-27 19:00:00,-0.8974968404079695,0
1364,2014-07-27 20:00:00,-1.0827583490494925,0
1365,2014-07-27 21:00:00,-1.0080280580362897,0
1366,2014-07-27 22:00:00,-0.9810398823063587,0
1367,2014-07-27 23:00:00,-0.9037012585431696,0
1368,2014-07-28 00:00:00,-1.0519521931163822,0
1369,2014-07-28 01:00:00,-0.9282044756771098,0
1370,2014-07-28 02:00:00,-1.0154473672940851,0
1371,2014-07-28 03:00:00,-0.83860678843414,0
1372,2014-07-28 04:00:00,-0.8552521795820973,0
1373,2014-07-28 05:00:00,-0.753971061201749,0
1374,2014-07-28 06:00:00,-0.5607999147381113,0
1375,2014-07-28 07:00:00,-0.5157067251247468,0
1376,2014-07-28 08:00:00,-0.4794830858389318,0
1377,2014-07-28 09:00:00,-0.1817445731881365,0
1378,2014-07-28 10:00:00,-0.11530099715080996,0
1379,2014-07-28 11:00:00,-0.10933420485202348,0
1380,2014-07-28 12:00:00,-0.06862740224764242,0
1381,2014-07-28 13:00:00,0.16242431288813547,0
1382,2014-07-28 14:00:00,0.16138237075105788,0
1383,2014-07-28 15:00:00,0.2918752609478516,0
1384,2014-07-28 16:00:00,0.45789551952197705,0
1385,2014-07-28 17:00:00,0.4766472324134034,0
1386,2014-07-28 18:00:00,0.36322951597154085,0
1387,2014-07-28 19:00:00,0.6810048501302899,0
1388,2014-07-28 20:00:00,0.8613217304459826,0
1389,2014-07-28 21:00:00,0.8420778890453633,0
1390,2014-07-28 22:00:00,0.8018684863564082,0
1391,2014-07-28 23:00:00,1.0736076513285975,0
1392,2014-07-29 00:00:00,0.8262652100470875,0
1393,2014-07-29 01:00:00,1.1341136475248452,0
1394,2014-07-29 02:00:00,0.9539142724422752,0
1395,2014-07-29 03:00:00,0.8600748533023438,0
1396,2014-07-29 04:00:00,1.0548583437782044,0
1397,2014-07-29 05:00:00,1.054843532748697,0
1398,2014-07-29 06:00:00,0.9872371842743702,0
1399,2014-07-29 07:00:00,0.9738735530760849,0
1400,2014-07-29 08:00:00,0.9762806398261012,0
1401,2014-07-29 09:00:00,0.8501108360827447,0
1402,2014-07-29 10:00:00,0.8630982589879549,0
1403,2014-07-29 11:00:00,0.7169995317290804,0
1404,2014-07-29 12:00:00,0.6662851398466579,0
1405,2014-07-29 13:00:00,0.45677166495064714,0
1406,2014-07-29 14:00:00,0.3584619013485519,0
1407,2014-07-29 15:00:00,0.21087444634879937,0
1408,2014-07-29 16:00:00,0.2803946699083176,0
1409,2014-07-29 17:00:00,0.04822985779117207,0
1410,2014-07-29 18:00:00,-0.03148172897518423,0
1411,2014-07-29 19:00:00,-0.13104224045672114,0
1412,2014-07-29 20:00:00,-0.2276602533251222,0
1413,2014-07-29 21:00:00,-0.546692772150842,0
1414,2014-07-29 22:00:00,-0.5243665470803104,0
1415,2014-07-29 23:00:00,-0.45693490063494363,0
1416,2014-07-30 00:00:00,-0.7643445774295181,0
1417,2014-07-30 01:00:00,-0.5477192512518662,0
1418,2014-07-30 02:00:00,-0.6975678148794616,0
1419,2014-07-30 03:00:00,-0.8623343016342574,0
1420,2014-07-30 04:00:00,-0.8780691786819983,0
1421,2014-07-30 05:00:00,-0.9254509820912484,0
1422,2014-07-30 06:00:00,-0.8811265095439819,0
1423,2014-07-30 07:00:00,-0.9462305764486204,0
1424,2014-07-30 08:00:00,-0.8806777270806001,0
1425,2014-07-30 09:00:00,-0.8423154507302312,0
1426,2014-07-30 10:00:00,-0.8793575249846419,0
1427,2014-07-30 11:00:00,-0.9996995390502694,0
1428,2014-07-30 12:00:00,-0.8999219215317634,0
1429,2014-07-30 13:00:00,-0.9098923569775681,0
1430,2014-07-30 14:00:00,-0.8055596789737517,0
1431,2014-07-30 15:00:00,-1.0591480949333996,0
1432,2014-07-30 16:00:00,-0.9027205897233833,0
1433,2014-07-30 17:00:00,-0.4234998240174688,0
1434,2014-07-30 18:00:00,-0.5401428542014963,0
1435,2014-07-30 19:00:00,-0.34584666205017084,0
1436,2014-07-30 20:00:00,-0.29590359269169497,0
1437,2014-07-30 21:00:00,-0.37029916412441954,0
1438,2014-07-30 22:00:00,-0.26518458319502936,0
1439,2014-07-30 23:00:00,-0.07705095199307807,0
1440,2014-07-31 00:00:00,0.007118537043980767,0
1441,2014-07-31 01:00:00,-0.0049651353628123035,0
1442,2014-07-31 02:00:00,0.03702318237748897,0
1443,2014-07-31 03:00:00,0.3659316186951058,0
1444,2014-07-31 04:00:00,0.5006034523448313,0
1445,2014-07-31 05:00:00,0.345361499358277,0
1446,2014-07-31 06:00:00,0.5851146741402592,0
1447,2014-07-31 07:00:00,0.8897867929627998,0
1448,2014-07-31 08:00:00,0.6790715311660345,0
1449,2014-07-31 09:00:00,0.8174905772080477,0
1450,2014-07-31 10:00:00,0.8807835092292958,0
1451,2014-07-31 11:00:00,1.0598977930922358,0
1452,2014-07-31 12:00:00,0.8964529354692867,0
1453,2014-07-31 13:00:00,0.8766055098834643,0
1454,2014-07-31 14:00:00,1.1684986045858123,0
1455,2014-07-31 15:00:00,1.0547325697277268,0
1456,2014-07-31 16:00:00,0.8765479922217527,0
1457,2014-07-31 17:00:00,0.9241502515250173,0
1458,2014-07-31 18:00:00,0.8668591071734738,0
1459,2014-07-31 19:00:00,1.0027682132580686,0
1460,2014-07-31 20:00:00,0.7470431103850999,0
1461,2014-07-31 21:00:00,0.902355242455118,0
1462,2014-07-31 22:00:00,0.8678049001291837,0
1463,2014-07-31 23:00:00,0.7216096522893656,0
1464,2014-08-01 00:00:00,0.49982269956456254,0
1465,2014-08-01 01:00:00,0.4836495351879694,0
1466,2014-08-01 02:00:00,0.5744949171697575,0
1467,2014-08-01 03:00:00,0.2506601751557121,0
1468,2014-08-01 04:00:00,0.2367281204216298,0
1469,2014-08-01 05:00:00,0.26134643269651125,0
1470,2014-08-01 06:00:00,-0.04920222872921051,0
1471,2014-08-01 07:00:00,-0.014868610201057897,0
1472,2014-08-01 08:00:00,0.027904024190888277,0
1473,2014-08-01 09:00:00,-0.2050155358364757,0
1474,2014-08-01 10:00:00,-0.3959396133365363,0
1475,2014-08-01 11:00:00,-0.48082143363579904,0
1476,2014-08-01 12:00:00,-0.667252545366585,0
1477,2014-08-01 13:00:00,-0.6037828496258858,0
1478,2014-08-01 14:00:00,-0.7496595483442914,0
1479,2014-08-01 15:00:00,-0.9755917086512793,0
1480,2014-08-01 16:00:00,-0.8299998805210524,0
1481,2014-08-01 17:00:00,-1.0130935622091777,0
1482,2014-08-01 18:00:00,-0.9088055604177119,0
1483,2014-08-01 19:00:00,-0.75591241145189,0
1484,2014-08-01 20:00:00,-1.0804888543035835,0
1485,2014-08-01 21:00:00,-0.9728429614056863,0
1486,2014-08-01 22:00:00,-0.9514678675083816,0
1487,2014-08-01 23:00:00,-1.0185160347337965,0
1488,2014-08-02 00:00:00,-0.8439363575515719,0
1489,2014-08-02 01:00:00,-0.8231208543829626,0
1490,2014-08-02 02:00:00,-0.8845947670764608,0
1491,2014-08-02 03:00:00,-0.8519613178507381,0
1492,2014-08-02 04:00:00,-0.8404278840064221,0
1493,2014-08-02 05:00:00,-0.5260815413598722,0
1494,2014-08-02 06:00:00,-0.5948444847086254,0
1495,2014-08-02 07:00:00,-0.41971490778588383,0
1496,2014-08-02 08:00:00,-0.43689973321458014,0
1497,2014-08-02 09:00:00,-0.3648071150754472,0
1498,2014-08-02 10:00:00,-0.33092588258536654,0
1499,2014-08-02 11:00:00,-0.14101963898121234,0
1500,2014-08-02 12:00:00,0.1079008489778595,0
1501,2014-08-02 13:00:00,0.07811089617718231,0
1502,2014-08-02 14:00:00,0.27922402879750186,0
1503,2014-08-02 15:00:00,0.5080395121690987,0
1504,2014-08-02 16:00:00,0.5028725838425503,0
1505,2014-08-02 17:00:00,0.4847149755597778,0
1506,2014-08-02 18:00:00,0.8372753931057269,0
1507,2014-08-02 19:00:00,0.6228858542139306,0
1508,2014-08-02 20:00:00,0.6558091737326238,0
1509,2014-08-02 21:00:00,0.7293092989883403,0
1510,2014-08-02 22:00:00,0.9513488914662193,0
1511,2014-08-02 23:00:00,0.8404839615448382,0
1512,2014-08-03 00:00:00,0.9893756380498895,0
1513,2014-08-03 01:00:00,1.1887084844055564,0
1514,2014-08-03 02:00:00,1.0404019346019913,0
1515,2014-08-03 03:00:00,0.9555445978952255,0
1516,2014-08-03 04:00:00,0.9626081414259664,0
1517,2014-08-03 05:00:00,0.8474116937618458,0
1518,2014-08-03 06:00:00,1.0537865099419743,0
1519,2014-08-03 07:00:00,1.0930402820096596,0
1520,2014-08-03 08:00:00,0.19903237332092416,1
1521,2014-08-03 09:00:00,0.1504325485441732,1
1522,2014-08-03 10:00:00,0.1475394682584067,1
1523,2014-08-03 11:00:00,0.10677413098904776,1
1524,2014-08-03 12:00:00,0.13220342413634678,1
1525,2014-08-03 13:00:00,0.07912155268125431,1
1526,2014-08-03 14:00:00,0.0878733530039234,1
1527,2014-08-03 15:00:00,0.06478011472309936,1
1528,2014-08-03 16:00:00,0.05036104559108551,1
1529,2014-08-03 17:00:00,0.01255460770604272,1
1530,2014-08-03 18:00:00,0.0011696261017851099,1
1531,2014-08-03 19:00:00,-0.0297757446646828,1
1532,2014-08-03 20:00:00,-0.07733192688053331,1
1533,2014-08-03 21:00:00,-0.08266532702994361,1
1534,2014-08-03 22:00:00,-0.0878914147301817,1
1535,2014-08-03 23:00:00,-0.07091850762289265,1
1536,2014-08-04 00:00:00,-0.07405532305649765,1
1537,2014-08-04 01:00:00,-0.1236536443218259,1
1538,2014-08-04 02:00:00,-0.13112215993957776,1
1539,2014-08-04 03:00:00,-0.17043578370463075,1
1540,2014-08-04 04:00:00,-0.1922706775117109,1
1541,2014-08-04 05:00:00,-0.17225781267688156,1
1542,2014-08-04 06:00:00,-0.2067327374233685,1
1543,2014-08-04 07:00:00,-0.20291951870248037,1
1544,2014-08-04 08:00:00,-0.17755801682622052,1
1545,2014-08-04 09:00:00,-0.19529277069983464,1
1546,2014-08-04 10:00:00,-0.19843591472831557,1
1547,2014-08-04 11:00:00,-0.1912689374317459,1
1548,2014-08-04 12:00:00,-0.21444569161176208,1
1549,2014-08-04 13:00:00,-0.1826557145841301,1
1550,2014-08-04 14:00:00,-0.16702723999707025,1
1551,2014-08-04 15:00:00,-0.17071394112642047,1
1552,2014-08-04 16:00:00,-0.15034133979477238,1
1553,2014-08-04 17:00:00,-0.13782320741498244,1
1554,2014-08-04 18:00:00,-0.10982282864069692,1
1555,2014-08-04 19:00:00,-0.07895073715558026,1
1556,2014-08-04 20:00:00,-0.06437394514317396,1
1557,2014-08-04 21:00:00,-0.060584226463698154,1
1558,2014-08-04 22:00:00,-0.10383523703566322,1
1559,2014-08-04 23:00:00,-0.025245946351030224,1
1560,2014-08-05 00:00:00,0.14121571345744613,0
1561,2014-08-05 01:00:00,0.1508904363280617,0
1562,2014-08-05 02:00:00,0.07662360259623396,0
1563,2014-08-05 03:00:00,0.3334042086755783,0
1564,2014-08-05 04:00:00,0.5506034065690194,0
1565,2014-08-05 05:00:00,0.39963952839235095,0
1566,2014-08-05 06:00:00,0.5213898734653521,0
1567,2014-08-05 07:00:00,0.7893365197869224,0
1568,2014-08-05 08:00:00,0.7216869794084257,0
1569,2014-08-05 09:00:00,0.7895381194601173,0
1570,2014-08-05 10:00:00,0.9815766321841115,0
1571,2014-08-05 11:00:00,0.9834969227330642,0
1572,2014-08-05 12:00:00,1.1524086804391445,0
1573,2014-08-05 13:00:00,0.9698877652804171,0
1574,2014-08-05 14:00:00,1.1853593567281258,0
1575,2014-08-05 15:00:00,0.9919474184832575,0
1576,2014-08-05 16:00:00,0.9073839470797924,0
1577,2014-08-05 17:00:00,0.8813652351380878,0
1578,2014-08-05 18:00:00,0.7945729753782355,0
1579,2014-08-05 19:00:00,0.7978429069320454,0
1580,2014-08-05 20:00:00,0.7268320606090728,0
1581,2014-08-05 21:00:00,0.8575573160369321,0
1582,2014-08-05 22:00:00,0.693695341699164,0
1583,2014-08-05 23:00:00,0.8748047993514894,0
1584,2014-08-06 00:00:00,0.4737081828082049,0
1585,2014-08-06 01:00:00,0.46138054811565904,0
1586,2014-08-06 02:00:00,0.5088254543808919,0
1587,2014-08-06 03:00:00,0.34419773728020403,0
1588,2014-08-06 04:00:00,0.3161557908369335,0
1589,2014-08-06 05:00:00,0.033719103272578585,0
1590,2014-08-06 06:00:00,0.07232169795557074,0
1591,2014-08-06 07:00:00,-0.21555653441914388,0
1592,2014-08-06 08:00:00,-0.07910708574708727,0
1593,2014-08-06 09:00:00,-0.40941703600987456,0
1594,2014-08-06 10:00:00,-0.5900648838186068,0
1595,2014-08-06 11:00:00,-0.47157005922391687,0
1596,2014-08-06 12:00:00,-0.5845622296187831,0
1597,2014-08-06 13:00:00,-0.7961620573244348,0
1598,2014-08-06 14:00:00,-0.7798214963748678,0
1599,2014-08-06 15:00:00,-0.9521536048708222,0
1600,2014-08-06 16:00:00,-0.7358298725960104,0
1601,2014-08-06 17:00:00,-0.8541093742402776,0
1602,2014-08-06 18:00:00,-0.9259048311961751,0
1603,2014-08-06 19:00:00,-0.8523876716151626,0
1604,2014-08-06 20:00:00,-1.0610723153222155,0
1605,2014-08-06 21:00:00,-1.097554438550456,0
1606,2014-08-06 22:00:00,-1.1431343054001757,0
1607,2014-08-06 23:00:00,-1.023363710757857,0
1608,2014-08-07 00:00:00,-0.9653470700994641,0
1609,2014-08-07 01:00:00,-1.118292844034282,0
1610,2014-08-07 02:00:00,-0.7473400896744562,0
1611,2014-08-07 03:00:00,-0.9201336779757298,0
1612,2014-08-07 04:00:00,-0.8665265403881852,0
1613,2014-08-07 05:00:00,-0.6758477169675566,0
1614,2014-08-07 06:00:00,-0.6050988613929827,0
1615,2014-08-07 07:00:00,-0.3819919244295881,0
1616,2014-08-07 08:00:00,-0.34206445846700445,0
1617,2014-08-07 09:00:00,-0.17804188853805022,0
1618,2014-08-07 10:00:00,-0.2963057671900783,0
1619,2014-08-07 11:00:00,-0.00333978909927507,0
1620,2014-08-07 12:00:00,0.03531928935774811,0
1621,2014-08-07 13:00:00,0.12136147960047378,0
1622,2014-08-07 14:00:00,0.25481955404577517,0
1623,2014-08-07 15:00:00,0.13060923199980526,0
1624,2014-08-07 16:00:00,0.4351441811484996,0
1625,2014-08-07 17:00:00,0.36819012294663644,0
1626,2014-08-07 18:00:00,0.639090372044969,0
1627,2014-08-07 19:00:00,0.7334415340675058,0
1628,2014-08-07 20:00:00,0.7498441876324625,0
1629,2014-08-07 21:00:00,0.8725977681198063,0
1630,2014-08-07 22:00:00,0.936184273593579,0
1631,2014-08-07 23:00:00,1.108181246980115,0
1632,2014-08-08 00:00:00,0.9354915472797628,0
1633,2014-08-08 01:00:00,0.8833972871094007,0
1634,2014-08-08 02:00:00,0.9657164577387469,0
1635,2014-08-08 03:00:00,0.9152090866657389,0
1636,2014-08-08 04:00:00,0.911731317697646,0
1637,2014-08-08 05:00:00,1.141474949262545,0
1638,2014-08-08 06:00:00,0.9391601775851521,0
1639,2014-08-08 07:00:00,0.9870415925759272,0
1640,2014-08-08 08:00:00,0.7815518240435465,0
1641,2014-08-08 09:00:00,0.7284560394548468,0
1642,2014-08-08 10:00:00,0.6736453768412207,0
1643,2014-08-08 11:00:00,0.6374123790064834,0
1644,2014-08-08 12:00:00,0.6716232431496763,0
1645,2014-08-08 13:00:00,0.5412244118797733,0
1646,2014-08-08 14:00:00,0.36802429309387175,0
1647,2014-08-08 15:00:00,0.3611479465252376,0
1648,2014-08-08 16:00:00,0.052101918342275205,0
1649,2014-08-08 17:00:00,0.06907499105837839,0
1650,2014-08-08 18:00:00,0.005033062468716632,0
1651,2014-08-08 19:00:00,-0.17303529019377367,0
1652,2014-08-08 20:00:00,-0.26087135839245484,0
1653,2014-08-08 21:00:00,-0.302386486919304,0
1654,2014-08-08 22:00:00,-0.45062652524989927,0
1655,2014-08-08 23:00:00,-0.4776759322037152,0
1656,2014-08-09 00:00:00,-0.5104228461013014,0
1657,2014-08-09 01:00:00,-0.7430853008236107,0
1658,2014-08-09 02:00:00,-0.8380426693827905,0
1659,2014-08-09 03:00:00,-0.8191497640923858,0
1660,2014-08-09 04:00:00,-0.9606296871104202,0
1661,2014-08-09 05:00:00,-1.0186008856606819,0
1662,2014-08-09 06:00:00,-1.0516878131969334,0
1663,2014-08-09 07:00:00,-1.2163304814353215,0
1664,2014-08-09 08:00:00,-0.9280046798737648,0
1665,2014-08-09 09:00:00,-1.0493223051993406,0
1666,2014-08-09 10:00:00,-0.8450173815478552,0
1667,2014-08-09 11:00:00,-0.8407390887370072,0
1668,2014-08-09 12:00:00,-0.9614908952014918,0
1669,2014-08-09 13:00:00,-0.7035073520295181,0
1670,2014-08-09 14:00:00,-0.7616045481089005,0
1671,2014-08-09 15:00:00,-1.0032267347674904,0
1672,2014-08-09 16:00:00,-0.7087380135580919,0
1673,2014-08-09 17:00:00,-0.7248960505929298,0
1674,2014-08-09 18:00:00,-0.501633796636143,0
1675,2014-08-09 19:00:00,-0.47730475289510205,0
1676,2014-08-09 20:00:00,-0.43794162178464774,0
1677,2014-08-09 21:00:00,-0.26717253288991966,0
1678,2014-08-09 22:00:00,-0.1497149948544501,0
1679,2014-08-09 23:00:00,-0.13389786339573237,0
1680,2014-08-10 00:00:00,-0.2503666640075592,0
1681,2014-08-10 01:00:00,0.06136907881849125,0
1682,2014-08-10 02:00:00,0.10664328621192115,0
1683,2014-08-10 03:00:00,0.4251272644070715,0
1684,2014-08-10 04:00:00,0.21011616779016778,0
1685,2014-08-10 05:00:00,0.31312248864361064,0
1686,2014-08-10 06:00:00,0.5431064882263749,0
1687,2014-08-10 07:00:00,0.6875490509861829,0
1688,2014-08-10 08:00:00,0.8131194804370044,0
1689,2014-08-10 09:00:00,0.747509887878776,0
1690,2014-08-10 10:00:00,0.6526965288654946,0
1691,2014-08-10 11:00:00,0.9882197222040774,0
1692,2014-08-10 12:00:00,0.8875804931710821,0
1693,2014-08-10 13:00:00,0.9548020903440836,0
1694,2014-08-10 14:00:00,1.1133356159967107,0
1695,2014-08-10 15:00:00,0.9942854783370121,0
1696,2014-08-10 16:00:00,0.8410811674684959,0
1697,2014-08-10 17:00:00,1.0841538892608882,0
1698,2014-08-10 18:00:00,0.769238875779526,0
1699,2014-08-10 19:00:00,0.8999930745296073,0
1700,2014-08-10 20:00:00,0.9392328304725373,0
1701,2014-08-10 21:00:00,0.9696999106984787,0
1702,2014-08-10 22:00:00,0.7580799766415758,0
1703,2014-08-10 23:00:00,0.6098461143059158,0
1704,2014-08-11 00:00:00,0.5961861673594495,0
1705,2014-08-11 01:00:00,0.4395849695602445,0
1706,2014-08-11 02:00:00,0.4716936841389151,0
1707,2014-08-11 03:00:00,0.26700703013292626,0
1708,2014-08-11 04:00:00,0.2825769891098968,0
1709,2014-08-11 05:00:00,0.03757831773031693,0
1710,2014-08-11 06:00:00,-0.008135343291490968,0
1711,2014-08-11 07:00:00,-0.020213972767832114,0
1712,2014-08-11 08:00:00,-0.11119974245787023,0
1713,2014-08-11 09:00:00,-0.2273779084194768,0
1714,2014-08-11 10:00:00,-0.2614273874349916,0
1715,2014-08-11 11:00:00,-0.5977200585235363,0
1716,2014-08-11 12:00:00,-0.5722506828643374,0
1717,2014-08-11 13:00:00,-0.5566472998563279,0
1718,2014-08-11 14:00:00,-0.7304574882786312,0
1719,2014-08-11 15:00:00,-0.8513125080533233,0
1720,2014-08-11 16:00:00,-0.8679153347689778,0
1721,2014-08-11 17:00:00,-0.9070976359820231,0
1722,2014-08-11 18:00:00,-1.008461923490826,0
1723,2014-08-11 19:00:00,-1.060497465794266,0
1724,2014-08-11 20:00:00,-1.0333438943004312,0
1725,2014-08-11 21:00:00,-0.9606428829498539,0
1726,2014-08-11 22:00:00,-1.0854238784522565,0
1727,2014-08-11 23:00:00,-1.0398413396114032,0
1728,2014-08-12 00:00:00,-0.929839195787606,0
1729,2014-08-12 01:00:00,-0.9879770920452109,0
1730,2014-08-12 02:00:00,-0.9642018904892442,0
1731,2014-08-12 03:00:00,-0.969361788075174,0
1732,2014-08-12 04:00:00,-0.7080336177571916,0
1733,2014-08-12 05:00:00,-0.4512862474233079,0
1734,2014-08-12 06:00:00,-0.7631085158813103,0
1735,2014-08-12 07:00:00,-0.46799162133291955,0
1736,2014-08-12 08:00:00,-0.5955368097191815,0
1737,2014-08-12 09:00:00,-0.2562357684946383,0
1738,2014-08-12 10:00:00,-0.16619417074123083,0
1739,2014-08-12 11:00:00,-0.09324170479835144,0
1740,2014-08-12 12:00:00,0.005272347260292803,0
1741,2014-08-12 13:00:00,0.25739482056139873,0
1742,2014-08-12 14:00:00,0.28844238363018493,0
1743,2014-08-12 15:00:00,0.43095947815396696,0
1744,2014-08-12 16:00:00,0.4202986134801088,0
1745,2014-08-12 17:00:00,0.47846562749527516,0
1746,2014-08-12 18:00:00,0.45792507352503786,0
1747,2014-08-12 19:00:00,0.636789434605311,0
1748,2014-08-12 20:00:00,0.7549241180062696,0
1749,2014-08-12 21:00:00,0.9028888259751181,0
1750,2014-08-12 22:00:00,0.8003128950259177,0
1751,2014-08-12 23:00:00,0.9735455700152343,0
1752,2014-08-13 00:00:00,0.8436767334729804,0
1753,2014-08-13 01:00:00,0.9040967647955066,0
1754,2014-08-13 02:00:00,1.059888755180104,0
1755,2014-08-13 03:00:00,0.9300674369480799,0
1756,2014-08-13 04:00:00,0.8907811917885811,0
1757,2014-08-13 05:00:00,1.06253545769854,0
1758,2014-08-13 06:00:00,1.132091849942694,0
1759,2014-08-13 07:00:00,0.774432251961765,0
1760,2014-08-13 08:00:00,0.8499288489503695,0
1761,2014-08-13 09:00:00,0.7776671187950529,0
1762,2014-08-13 10:00:00,0.7272599336252276,0
1763,2014-08-13 11:00:00,0.5161534669491916,0
1764,2014-08-13 12:00:00,0.5929409010502538,0
1765,2014-08-13 13:00:00,0.389327013187257,0
1766,2014-08-13 14:00:00,0.5085965670318979,0
1767,2014-08-13 15:00:00,0.14236477119995244,0
1768,2014-08-13 16:00:00,0.1445151313836372,0
1769,2014-08-13 17:00:00,0.011719531857757468,0
1770,2014-08-13 18:00:00,0.04211518929632394,0
1771,2014-08-13 19:00:00,0.12818512039908148,0
1772,2014-08-13 20:00:00,-0.2401233926078653,0
1773,2014-08-13 21:00:00,-0.15871979308890072,0
1774,2014-08-13 22:00:00,-0.5055480097753855,0
1775,2014-08-13 23:00:00,-0.5293978810869605,0
1776,2014-08-14 00:00:00,-0.5597813404970392,0
1777,2014-08-14 01:00:00,-0.7181288644228134,0
1778,2014-08-14 02:00:00,-0.9466688438465413,0
1779,2014-08-14 03:00:00,-0.8380576181648466,0
1780,2014-08-14 04:00:00,-0.7704775313075547,0
1781,2014-08-14 05:00:00,-1.0170736633120248,0
1782,2014-08-14 06:00:00,-0.7735361497915433,0
1783,2014-08-14 07:00:00,-0.9392228734761576,0
1784,2014-08-14 08:00:00,-1.0597059560472681,0
1785,2014-08-14 09:00:00,-1.0029222041025057,0
1786,2014-08-14 10:00:00,-0.9690654264162814,0
1787,2014-08-14 11:00:00,-1.1019201181936562,0
1788,2014-08-14 12:00:00,-0.9651849307599182,0
1789,2014-08-14 13:00:00,-0.9136745506998245,0
1790,2014-08-14 14:00:00,-0.7621754490506493,0
1791,2014-08-14 15:00:00,-1.0337840442484194,0
1792,2014-08-14 16:00:00,-0.8132543846327756,0
1793,2014-08-14 17:00:00,-0.7401922449185617,0
1794,2014-08-14 18:00:00,-0.5324456092602553,0
1795,2014-08-14 19:00:00,-0.4172137392864357,0
1796,2014-08-14 20:00:00,-0.45302681806195066,0
1797,2014-08-14 21:00:00,-0.285178903491223,0
1798,2014-08-14 22:00:00,-0.2066758716304705,0
1799,2014-08-14 23:00:00,-0.15916023125106332,0
1800,2014-08-15 00:00:00,-0.18692681783033116,0
1801,2014-08-15 01:00:00,0.03550547880597828,0
1802,2014-08-15 02:00:00,0.2639438124771629,0
1803,2014-08-15 03:00:00,0.3614049974693976,0
1804,2014-08-15 04:00:00,0.3894629065824445,0
1805,2014-08-15 05:00:00,0.2738713406117441,0
1806,2014-08-15 06:00:00,0.7086448749591558,0
1807,2014-08-15 07:00:00,0.6955775250338795,0
1808,2014-08-15 08:00:00,0.6492972390179846,0
1809,2014-08-15 09:00:00,0.7379293038201795,0
1810,2014-08-15 10:00:00,0.80900888791377,0
1811,2014-08-15 11:00:00,0.9624420502777385,0
1812,2014-08-15 12:00:00,0.793271177246941,0
1813,2014-08-15 13:00:00,1.007850392783626,0
1814,2014-08-15 14:00:00,1.0122974525061688,0
1815,2014-08-15 15:00:00,1.0506105730381188,0
1816,2014-08-15 16:00:00,1.0706178673897342,0
1817,2014-08-15 17:00:00,0.8003669261102722,0
1818,2014-08-15 18:00:00,1.1908379105874325,0
1819,2014-08-15 19:00:00,0.8657385231265293,0
1820,2014-08-15 20:00:00,0.7628189107813305,0
1821,2014-08-15 21:00:00,0.9312482333382541,0
1822,2014-08-15 22:00:00,0.7422859789816821,0
1823,2014-08-15 23:00:00,0.6489828648092448,0
1824,2014-08-16 00:00:00,0.6684625885029005,0
1825,2014-08-16 01:00:00,0.671769510737118,0
1826,2014-08-16 02:00:00,0.3807439206588875,0
1827,2014-08-16 03:00:00,0.13445476837722117,0
1828,2014-08-16 04:00:00,0.3005467658825158,0
1829,2014-08-16 05:00:00,-0.0734843272157054,0
1830,2014-08-16 06:00:00,-0.09788614089940967,0
1831,2014-08-16 07:00:00,-0.0768881493444114,0
1832,2014-08-16 08:00:00,-0.3914656175744051,0
1833,2014-08-16 09:00:00,-0.2888231352411733,0
1834,2014-08-16 10:00:00,-0.588809830180056,0
1835,2014-08-16 11:00:00,-0.40098197490904547,0
1836,2014-08-16 12:00:00,-0.6341739906113415,0
1837,2014-08-16 13:00:00,-0.680519381312453,0
1838,2014-08-16 14:00:00,-0.8192801799306639,0
1839,2014-08-16 15:00:00,-0.8031055716403429,0
1840,2014-08-16 16:00:00,-0.8819343602418007,0
1841,2014-08-16 17:00:00,-0.9515409718302438,0
1842,2014-08-16 18:00:00,-1.116914504397127,0
1843,2014-08-16 19:00:00,-0.9493154865996382,0
1844,2014-08-16 20:00:00,-1.1972287905440482,0
1845,2014-08-16 21:00:00,-1.0783715825406708,0
1846,2014-08-16 22:00:00,-1.0390521364501375,0
1847,2014-08-16 23:00:00,-1.2211400122504492,0
1848,2014-08-17 00:00:00,-0.8836425645243755,0
1849,2014-08-17 01:00:00,-0.9341972812814868,0
1850,2014-08-17 02:00:00,-1.0048716319331938,0
1851,2014-08-17 03:00:00,-0.7151174793819951,0
1852,2014-08-17 04:00:00,-0.770596435686997,0
1853,2014-08-17 05:00:00,-0.7737392753450125,0
1854,2014-08-17 06:00:00,-0.6513719296373272,0
1855,2014-08-17 07:00:00,-0.3426091239519513,0
1856,2014-08-17 08:00:00,-0.3251177610531354,0
1857,2014-08-17 09:00:00,-0.1264364137306007,0
1858,2014-08-17 10:00:00,-0.38557317053553114,0
1859,2014-08-17 11:00:00,-0.28899502784896103,0
1860,2014-08-17 12:00:00,0.03505989112836846,0
1861,2014-08-17 13:00:00,0.19591327007849332,0
1862,2014-08-17 14:00:00,0.21838603164260628,0
1863,2014-08-17 15:00:00,0.3156593761868426,0
1864,2014-08-17 16:00:00,0.49685012113743093,0
1865,2014-08-17 17:00:00,0.4892811920036184,0
1866,2014-08-17 18:00:00,0.4551144340770046,0
1867,2014-08-17 19:00:00,0.6821684454021478,0
1868,2014-08-17 20:00:00,0.7204401009847605,0
1869,2014-08-17 21:00:00,0.7504389362533925,0
1870,2014-08-17 22:00:00,1.0064953803332923,0
1871,2014-08-17 23:00:00,0.8789563337027495,0
1872,2014-08-18 00:00:00,0.9771663181663293,0
1873,2014-08-18 01:00:00,0.841210680168014,0
1874,2014-08-18 02:00:00,1.0563968526584773,0
1875,2014-08-18 03:00:00,0.9595314249964922,0
1876,2014-08-18 04:00:00,0.8079397268819295,0
1877,2014-08-18 05:00:00,1.0952361402810842,0
1878,2014-08-18 06:00:00,0.9950694184311405,0
1879,2014-08-18 07:00:00,0.8193024558043457,0
1880,2014-08-18 08:00:00,0.8359850753159342,0
1881,2014-08-18 09:00:00,0.6965961080675103,0
1882,2014-08-18 10:00:00,0.8189816690901428,0
1883,2014-08-18 11:00:00,0.5293694978119358,0
1884,2014-08-18 12:00:00,0.6827415088748705,0
1885,2014-08-18 13:00:00,0.5773583248692251,0
1886,2014-08-18 14:00:00,0.39795936845955676,0
1887,2014-08-18 15:00:00,0.5007777250950012,0
1888,2014-08-18 16:00:00,0.13836634290810884,0
1889,2014-08-18 17:00:00,0.1856790314309917,0
1890,2014-08-18 18:00:00,-0.06329949041177196,0
1891,2014-08-18 19:00:00,-0.08281897633889049,0
1892,2014-08-18 20:00:00,-0.17863758315426306,0
1893,2014-08-18 21:00:00,-0.32721898855465825,0
1894,2014-08-18 22:00:00,-0.43820169974733325,0
1895,2014-08-18 23:00:00,-0.4941342989316117,0
1896,2014-08-19 00:00:00,-0.6832178049189606,0
1897,2014-08-19 01:00:00,-0.5896466814156242,0
1898,2014-08-19 02:00:00,-0.6722252504567905,0
1899,2014-08-19 03:00:00,-0.6802112247040888,0
1900,2014-08-19 04:00:00,-0.8169554463043964,0
1901,2014-08-19 05:00:00,-0.8822259619118031,0
1902,2014-08-19 06:00:00,-0.9079990709734486,0
1903,2014-08-19 07:00:00,-1.1125567314284581,0
1904,2014-08-19 08:00:00,-1.0573828892591859,0
1905,2014-08-19 09:00:00,-1.0848099379505887,0
1906,2014-08-19 10:00:00,-1.223783894327426,0
1907,2014-08-19 11:00:00,-1.01929729534333,0
1908,2014-08-19 12:00:00,-0.9062817776456273,0
1909,2014-08-19 13:00:00,-0.9123837949305368,0
1910,2014-08-19 14:00:00,-0.9067558505275344,0
1911,2014-08-19 15:00:00,-0.982249871655638,0
1912,2014-08-19 16:00:00,-0.7121841507208372,0
1913,2014-08-19 17:00:00,-0.7091963178217487,0
1914,2014-08-19 18:00:00,-0.5515488005956366,0
1915,2014-08-19 19:00:00,-0.7054922172323557,0
1916,2014-08-19 20:00:00,-0.3066728021794023,0
1917,2014-08-19 21:00:00,-0.2415057953169411,0
1918,2014-08-19 22:00:00,-0.24808070435336013,0
1919,2014-08-19 23:00:00,-0.15321233477491697,0
1920,2014-08-20 00:00:00,0.11737475452238313,0
1921,2014-08-20 01:00:00,0.12688245199141657,0
1922,2014-08-20 02:00:00,0.224102820644171,0
1923,2014-08-20 03:00:00,0.18606078339691023,0
1924,2014-08-20 04:00:00,0.5688036287316951,0
1925,2014-08-20 05:00:00,0.667433640026015,0
1926,2014-08-20 06:00:00,0.5867107825732825,0
1927,2014-08-20 07:00:00,0.8039902807126122,0
1928,2014-08-20 08:00:00,0.6282818339428944,0
1929,2014-08-20 09:00:00,0.8110185403104283,0
1930,2014-08-20 10:00:00,0.9260315459089892,0
1931,2014-08-20 11:00:00,0.8492333426543286,0
1932,2014-08-20 12:00:00,0.945127172611134,0
1933,2014-08-20 13:00:00,1.025979104806231,0
1934,2014-08-20 14:00:00,1.017002872440294,0
1935,2014-08-20 15:00:00,1.051741323558629,0
1936,2014-08-20 16:00:00,0.9951230914879989,0
1937,2014-08-20 17:00:00,0.9084977386738451,0
1938,2014-08-20 18:00:00,0.7257590563227743,0
1939,2014-08-20 19:00:00,0.934003642555979,0
1940,2014-08-20 20:00:00,0.826962195874899,0
1941,2014-08-20 21:00:00,0.9512282221278141,0
1942,2014-08-20 22:00:00,0.7802488193162861,0
1943,2014-08-20 23:00:00,0.7692914701042458,0
1944,2014-08-21 00:00:00,0.5258296782635812,0
1945,2014-08-21 01:00:00,0.5144788617110411,0
1946,2014-08-21 02:00:00,0.3842241652627257,0
1947,2014-08-21 03:00:00,0.4222355464192499,0
1948,2014-08-21 04:00:00,0.28942326929264794,0
1949,2014-08-21 05:00:00,0.23623671326042664,0
1950,2014-08-21 06:00:00,0.13850318756536553,0
1951,2014-08-21 07:00:00,-0.08815368992795958,0
1952,2014-08-21 08:00:00,-0.24458291149338482,0
1953,2014-08-21 09:00:00,-0.4085375634699374,0
1954,2014-08-21 10:00:00,-0.43893091548303437,0
1955,2014-08-21 11:00:00,-0.49565973759263643,0
1956,2014-08-21 12:00:00,-0.6125186195253962,0
1957,2014-08-21 13:00:00,-0.4475241617768839,0
1958,2014-08-21 14:00:00,-0.7506589020009554,0
1959,2014-08-21 15:00:00,-0.8189878818980697,0
1960,2014-08-21 16:00:00,-0.8463318982648572,0
1961,2014-08-21 17:00:00,-0.8978879624782105,0
1962,2014-08-21 18:00:00,-0.8666419532748147,0
1963,2014-08-21 19:00:00,-0.8766390133317694,0
1964,2014-08-21 20:00:00,-0.910848502301125,0
1965,2014-08-21 21:00:00,-1.0169187807031914,0
1966,2014-08-21 22:00:00,-1.066471006955731,0
1967,2014-08-21 23:00:00,-0.9767811694160877,0
1968,2014-08-22 00:00:00,-0.8566523841571367,0
1969,2014-08-22 01:00:00,-1.0293394555304494,0
1970,2014-08-22 02:00:00,-0.8141820671846346,0
1971,2014-08-22 03:00:00,-0.875945654937222,0
1972,2014-08-22 04:00:00,-0.7520664268918913,0
1973,2014-08-22 05:00:00,-0.6891666357778556,0
1974,2014-08-22 06:00:00,-0.6088521426914657,0
1975,2014-08-22 07:00:00,-0.43623291445802326,0
1976,2014-08-22 08:00:00,-0.2613502789610596,0
1977,2014-08-22 09:00:00,-0.34964491204455833,0
1978,2014-08-22 10:00:00,-0.19553268734909815,0
1979,2014-08-22 11:00:00,-0.006260502102019325,0
1980,2014-08-22 12:00:00,-0.07364022901775355,0
1981,2014-08-22 13:00:00,0.1416252145299271,0
1982,2014-08-22 14:00:00,0.3358806255269427,0
1983,2014-08-22 15:00:00,0.2674107992491675,0
1984,2014-08-22 16:00:00,0.2810350061460133,0
1985,2014-08-22 17:00:00,0.3179980670457533,0
1986,2014-08-22 18:00:00,0.574141322329155,0
1987,2014-08-22 19:00:00,0.45608784437131134,0
1988,2014-08-22 20:00:00,0.6851023319843205,0
1989,2014-08-22 21:00:00,0.7377101872936191,0
1990,2014-08-22 22:00:00,0.9194490545067553,0
1991,2014-08-22 23:00:00,0.9429159697460864,0
1992,2014-08-23 00:00:00,0.7905141355538702,0
1993,2014-08-23 01:00:00,0.8477585509539536,0
1994,2014-08-23 02:00:00,1.0463428603855345,0
1995,2014-08-23 03:00:00,1.0633242754851084,0
1996,2014-08-23 04:00:00,1.1097844232792853,0
1997,2014-08-23 05:00:00,1.015370939186959,0
1998,2014-08-23 06:00:00,1.0122811358113255,0
1999,2014-08-23 07:00:00,1.08457296445529,0
